%CPU %MEM ARGS Sun Oct  4 18:23:26 UTC 2026
 0.0  0.0 grep --color=auto ./cli       1  2252
 0.0  0.0 ./cli mmap images/2048x2048   0  1476
  PID User     Command                         Swap      USS      PSS      RSS 
 6166 codespace ./cli mmap images/2048x2048        0     2460     2918     6184 
 6160 codespace ./cli mmap images/2048x2048        0     2608     3095     6432 
 6163 codespace ./cli mmap images/2048x2048        0     3504     4211     8248 
 6158 codespace ./cli mmap images/2048x2048        0     3576     4328     8404 
 6168 codespace ./cli mmap images/2048x2048        0     5152     6629    11580 
 6151 codespace /usr/bin/python3 /usr/bin/s        0    11840    12102    14308 
%CPU %MEM ARGS Sun Oct  4 18:23:27 UTC 2026
 0.0  0.0 grep --color=auto ./cli       1  2156
21.8  0.1 ./cli mmap images/2048x2048   1 13620
22.9  0.1 ./cli mmap images/2048x2048   1 13132
25.3  0.1 ./cli mmap images/2048x2048   0 15772
26.1  0.2 ./cli mmap images/2048x2048   0 16312
33.3  0.2 ./cli mmap images/2048x2048   0 18992
  PID User     Command                         Swap      USS      PSS      RSS 
 6166 codespace ./cli mmap images/2048x2048        0     8412     9861    18088 
 6160 codespace ./cli mmap images/2048x2048        0     8612    10101    18452 
 6171 codespace /usr/bin/python3 /usr/bin/s        0    11940    12210    14492 
 6163 codespace ./cli mmap images/2048x2048        0    10520    12509    22368 
 6158 codespace ./cli mmap images/2048x2048        0    10596    12607    22464 
 6168 codespace ./cli mmap images/2048x2048        0    11836    14353    24920 
%CPU %MEM ARGS Sun Oct  4 18:23:27 UTC 2026
 0.0  0.0 grep --color=auto ./cli       0  2176
23.1  0.3 ./cli mmap images/2048x2048   1 25408
23.3  0.3 ./cli mmap images/2048x2048   1 25884
26.8  0.3 ./cli mmap images/2048x2048   0 30364
27.2  0.3 ./cli mmap images/2048x2048   0 30672
29.1  0.3 ./cli mmap images/2048x2048   1 32092
  PID User     Command                         Swap      USS      PSS      RSS 
 6177 codespace /usr/bin/python3 /usr/bin/s        0    11976    12255    14544 
 6160 codespace ./cli mmap images/2048x2048        0    14504    16964    30232 
 6166 codespace ./cli mmap images/2048x2048        0    16152    18941    33572 
 6163 codespace ./cli mmap images/2048x2048        0    16964    19957    35148 
 6158 codespace ./cli mmap images/2048x2048        0    17020    20085    35288 
 6168 codespace ./cli mmap images/2048x2048        0    18024    21467    37316 
%CPU %MEM ARGS Sun Oct  4 18:23:28 UTC 2026
 0.0  0.0 grep --color=auto ./cli       0  2156
22.1  0.4 ./cli mmap images/2048x2048   0 36372
24.7  0.4 ./cli mmap images/2048x2048   0 39344
25.8  0.5 ./cli mmap images/2048x2048   0 41780
26.6  0.5 ./cli mmap images/2048x2048   1 43088
29.8  0.5 ./cli mmap images/2048x2048   1 47528
  PID User     Command                         Swap      USS      PSS      RSS 
 6188 codespace /usr/bin/python3 /usr/bin/s        0    11964    12222    14520 
 6160 codespace ./cli mmap images/2048x2048        0    20268    23682    41756 
 6166 codespace ./cli mmap images/2048x2048        0    21756    25461    44744 
 6158 codespace ./cli mmap images/2048x2048        0    22676    26644    46640 
 6163 codespace ./cli mmap images/2048x2048        0    25560    30455    52384 
 6168 codespace ./cli mmap images/2048x2048        0    28008    34049    57284 
%CPU %MEM ARGS Sun Oct  4 18:23:28 UTC 2026
 0.0  0.0 grep --color=auto ./cli       0  2192
22.3  0.6 ./cli mmap images/2048x2048   1 50456
23.4  0.6 ./cli mmap images/2048x2048   0 51500
24.6  0.6 ./cli mmap images/2048x2048   1 55144
26.7  0.7 ./cli mmap images/2048x2048   0 59092
29.5  0.7 ./cli mmap images/2048x2048   0 64208
  PID User     Command                         Swap      USS      PSS      RSS 
 6214 codespace /usr/bin/python3 /usr/bin/s        0    11956    12213    14480 
 6166 codespace ./cli mmap images/2048x2048        0    27740    32405    56744 
 6160 codespace ./cli mmap images/2048x2048        0    29420    34421    60060 
 6163 codespace ./cli mmap images/2048x2048        0    31416    36912    64064 
 6158 codespace ./cli mmap images/2048x2048        0    31724    37351    64712 
 6168 codespace ./cli mmap images/2048x2048        0    34396    41243    70072 
%CPU %MEM ARGS Sun Oct  4 18:23:29 UTC 2026
 0.0  0.0 grep --color=auto ./cli       0  2168
23.5  0.7 ./cli mmap images/2048x2048   0 63656
24.5  0.8 ./cli mmap images/2048x2048   1 67484
25.8  0.8 ./cli mmap images/2048x2048   0 70992
26.3  0.8 ./cli mmap images/2048x2048   1 73032
28.6  0.9 ./cli mmap images/2048x2048   1 77612
  PID User     Command                         Swap      USS      PSS      RSS 
 6228 codespace /usr/bin/python3 /usr/bin/s        0    11988    12265    14480 
 6166 codespace ./cli mmap images/2048x2048        0    33800    40597    68820 
 6160 codespace ./cli mmap images/2048x2048        0    35520    41543    72240 
 6163 codespace ./cli mmap images/2048x2048        0    37536    44062    76328 
 6158 codespace ./cli mmap images/2048x2048        0    39352    46546    80084 
 6168 codespace ./cli mmap images/2048x2048        0    47016    56058    88260 
%CPU %MEM ARGS Sun Oct  4 18:23:30 UTC 2026
 0.0  0.0 grep --color=auto ./cli       1  2172
22.9  0.9 ./cli mmap images/2048x2048   0 74564
23.8  0.9 ./cli mmap images/2048x2048   0 78344
26.3  1.0 ./cli mmap images/2048x2048   0 87096
27.5  1.0 ./cli mmap images/2048x2048   1 89112
28.7  1.1 ./cli mmap images/2048x2048   0 94168
  PID User     Command                         Swap      USS      PSS      RSS 
 6244 codespace /usr/bin/python3 /usr/bin/s        0    12068    12314    14472 
 6166 codespace ./cli mmap images/2048x2048        0    38568    46328    78388 
 6160 codespace ./cli mmap images/2048x2048        0    40192    48349    81584 
 6158 codespace ./cli mmap images/2048x2048        0    44716    54400    90696 
 6163 codespace ./cli mmap images/2048x2048        0    46204    56638    93700 
 6168 codespace ./cli mmap images/2048x2048        0    50592    61022    98172 
%CPU %MEM ARGS Sun Oct  4 18:23:30 UTC 2026
 0.0  0.0 grep --color=auto ./cli       0  2292
23.3  1.0 ./cli mmap images/2048x2048   0 84928
24.1  1.0 ./cli mmap images/2048x2048   0 88112
27.0  1.2 ./cli mmap images/2048x2048   1 99296
27.6  1.2 ./cli mmap images/2048x2048   0 99700
28.8  1.2 ./cli mmap images/2048x2048   1 99716
  PID User     Command                         Swap      USS      PSS      RSS 
 6250 codespace /usr/bin/python3 /usr/bin/s        0    12056    12310    14520 
 6166 codespace ./cli mmap images/2048x2048        0    44968    54008    91188 
 6160 codespace ./cli mmap images/2048x2048        0    46224    55610    93760 
 6168 codespace ./cli mmap images/2048x2048        0    49252    59555    99716 
 6163 codespace ./cli mmap images/2048x2048        0    49256    59592    99700 
 6158 codespace ./cli mmap images/2048x2048        0    49256    59633    99720 
%CPU %MEM ARGS Sun Oct  4 18:23:31 UTC 2026
 0.0  0.0 grep --color=auto ./cli       0  2176
22.5  1.1 ./cli mmap images/2048x2048   1 96328
23.1  1.2 ./cli mmap images/2048x2048   0 99472
26.1  1.2 ./cli mmap images/2048x2048   1 99700
26.9  1.2 ./cli mmap images/2048x2048   0 99720
27.3  1.2 ./cli mmap images/2048x2048   0 99716
  PID User     Command                         Swap      USS      PSS      RSS 
 6255 codespace /usr/bin/python3 /usr/bin/s        0    12088    12326    14476 
 6160 codespace ./cli mmap images/2048x2048        0    49252    59135    99672 
 6166 codespace ./cli mmap images/2048x2048        0    49252    59138    99700 
 6168 codespace ./cli mmap images/2048x2048        0    49252    59139    99716 
 6158 codespace ./cli mmap images/2048x2048        0    49256    59143    99720 
 6163 codespace ./cli mmap images/2048x2048        0    49256    59143    99700 
%CPU %MEM ARGS Sun Oct  4 18:23:32 UTC 2026
 0.0  0.0 grep --color=auto ./cli       1  2252
21.5  1.2 ./cli mmap images/2048x2048   1 99700
22.2  1.2 ./cli mmap images/2048x2048   0 99672
24.8  1.2 ./cli mmap images/2048x2048   0 99700
25.2  1.2 ./cli mmap images/2048x2048   1 99720
25.6  1.2 ./cli mmap images/2048x2048   0 99716
  PID User     Command                         Swap      USS      PSS      RSS 
 6279 codespace /usr/bin/python3 /usr/bin/s        0    12068    12320    14540 
 6160 codespace ./cli mmap images/2048x2048        0    49252    59135    99672 
 6166 codespace ./cli mmap images/2048x2048        0    49252    59137    99700 
 6168 codespace ./cli mmap images/2048x2048        0    49252    59139    99716 
 6158 codespace ./cli mmap images/2048x2048        0    49256    59143    99720 
 6163 codespace ./cli mmap images/2048x2048        0    49256    59144    99700 
%CPU %MEM ARGS Sun Oct  4 18:23:33 UTC 2026
 0.0  0.0 grep --color=auto ./cli       1  2152
20.9  1.2 ./cli mmap images/2048x2048   1 99700
21.7  1.2 ./cli mmap images/2048x2048   1 99672
23.9  1.2 ./cli mmap images/2048x2048   0 99700
24.3  1.2 ./cli mmap images/2048x2048   0 99720
24.5  1.2 ./cli mmap images/2048x2048   1 99716
  PID User     Command                         Swap      USS      PSS      RSS 
 6291 codespace /usr/bin/python3 /usr/bin/s        0    12088    12325    14520 
 6160 codespace ./cli mmap images/2048x2048        0    49252    59135    99672 
 6166 codespace ./cli mmap images/2048x2048        0    49252    59138    99700 
 6168 codespace ./cli mmap images/2048x2048        0    49252    59140    99716 
 6158 codespace ./cli mmap images/2048x2048        0    49256    59143    99720 
 6163 codespace ./cli mmap images/2048x2048        0    49256    59143    99700 
%CPU %MEM ARGS Sun Oct  4 18:23:33 UTC 2026
 0.0  0.0 grep --color=auto ./cli       0  2248
20.2  1.2 ./cli mmap images/2048x2048   1 99700
20.9  1.2 ./cli mmap images/2048x2048   1 99672
23.5  1.2 ./cli mmap images/2048x2048   0 99700
23.6  1.2 ./cli mmap images/2048x2048   0 99720
23.6  1.2 ./cli mmap images/2048x2048   1 99716
  PID User     Command                         Swap      USS      PSS      RSS 
 6303 codespace /usr/bin/python3 /usr/bin/s        0    12092    12333    14544 
 6160 codespace ./cli mmap images/2048x2048        0    49252    59135    99672 
 6166 codespace ./cli mmap images/2048x2048        0    49252    59138    99700 
 6168 codespace ./cli mmap images/2048x2048        0    49252    59139    99716 
 6158 codespace ./cli mmap images/2048x2048        0    49256    59143    99720 
 6163 codespace ./cli mmap images/2048x2048        0    49256    59143    99700 
%CPU %MEM ARGS Sun Oct  4 18:23:34 UTC 2026
 0.0  0.0 grep --color=auto ./cli       0  2304
19.7  1.2 ./cli mmap images/2048x2048   1 99700
20.4  1.2 ./cli mmap images/2048x2048   1 99672
22.7  1.2 ./cli mmap images/2048x2048   0 99720
22.8  1.2 ./cli mmap images/2048x2048   0 99700
23.1  1.2 ./cli mmap images/2048x2048   0 99716
  PID User     Command                         Swap      USS      PSS      RSS 
 6311 codespace /usr/bin/python3 /usr/bin/s        0    12072    12320    14540 
 6160 codespace ./cli mmap images/2048x2048        0    49252    59135    99672 
 6166 codespace ./cli mmap images/2048x2048        0    49252    59138    99700 
 6168 codespace ./cli mmap images/2048x2048        0    49252    59139    99716 
 6158 codespace ./cli mmap images/2048x2048        0    49256    59143    99720 
 6163 codespace ./cli mmap images/2048x2048        0    49256    59144    99700 
%CPU %MEM ARGS Sun Oct  4 18:23:35 UTC 2026
 0.0  0.0 grep --color=auto ./cli       0  2160
19.1  1.2 ./cli mmap images/2048x2048   1 99700
20.5  1.2 ./cli mmap images/2048x2048   1 99672
21.9  1.2 ./cli mmap images/2048x2048   1 99700
22.0  1.2 ./cli mmap images/2048x2048   1 99720
22.2  1.2 ./cli mmap images/2048x2048   0 99716
  PID User     Command                         Swap      USS      PSS      RSS 
 6317 codespace /usr/bin/python3 /usr/bin/s        0    12068    12317    14524 
 6160 codespace ./cli mmap images/2048x2048        0    49252    59135    99672 
 6166 codespace ./cli mmap images/2048x2048        0    49252    59138    99700 
 6168 codespace ./cli mmap images/2048x2048        0    49252    59140    99716 
 6163 codespace ./cli mmap images/2048x2048        0    49256    59143    99700 
 6158 codespace ./cli mmap images/2048x2048        0    49256    59144    99720 
%CPU %MEM ARGS Sun Oct  4 18:23:36 UTC 2026
 0.0  0.0 grep --color=auto ./cli       0  2168
18.8  1.2 ./cli mmap images/2048x2048   1 99700
20.2  1.2 ./cli mmap images/2048x2048   1 99672
21.3  1.2 ./cli mmap images/2048x2048   0 99700
21.5  1.2 ./cli mmap images/2048x2048   0 99720
22.4  1.2 ./cli mmap images/2048x2048   0 99716
  PID User     Command                         Swap      USS      PSS      RSS 
 6323 codespace /usr/bin/python3 /usr/bin/s        0    12060    12320    14520 
 6160 codespace ./cli mmap images/2048x2048        0    49252    59129    99672 
 6166 codespace ./cli mmap images/2048x2048        0    49252    59131    99700 
 6163 codespace ./cli mmap images/2048x2048        0    49256    59137    99700 
 6168 codespace ./cli mmap images/2048x2048        0    49252    59140    99716 
 6158 codespace ./cli mmap images/2048x2048        0    49256    59141    99720 
%CPU %MEM ARGS Sun Oct  4 18:23:37 UTC 2026
 0.0  0.0 grep --color=auto ./cli       1  2180
18.7  1.2 ./cli mmap images/2048x2048   1 99700
19.9  1.2 ./cli mmap images/2048x2048   1 99672
20.9  1.2 ./cli mmap images/2048x2048   1 99700
21.2  1.2 ./cli mmap images/2048x2048   1 99720
22.7  1.2 ./cli mmap images/2048x2048   0 99716
  PID User     Command                         Swap      USS      PSS      RSS 
 6334 codespace /usr/bin/python3 /usr/bin/s        0    12068    12328    14568 
 6160 codespace ./cli mmap images/2048x2048        0    49252    59135    99672 
 6166 codespace ./cli mmap images/2048x2048        0    49252    59138    99700 
 6168 codespace ./cli mmap images/2048x2048        0    49252    59139    99716 
 6158 codespace ./cli mmap images/2048x2048        0    49256    59143    99720 
 6163 codespace ./cli mmap images/2048x2048        0    49256    59143    99700 
%CPU %MEM ARGS Sun Oct  4 18:23:38 UTC 2026
 0.0  0.0 grep --color=auto ./cli       0  2340
18.6  1.2 ./cli mmap images/2048x2048   1 99700
19.6  1.2 ./cli mmap images/2048x2048   1 99672
20.6  1.2 ./cli mmap images/2048x2048   0 99700
20.8  1.2 ./cli mmap images/2048x2048   1 99720
22.3  1.2 ./cli mmap images/2048x2048   0 99716
  PID User     Command                         Swap      USS      PSS      RSS 
 6340 codespace /usr/bin/python3 /usr/bin/s        0    12068    12327    14588 
 6160 codespace ./cli mmap images/2048x2048        0    49252    59135    99672 
 6166 codespace ./cli mmap images/2048x2048        0    49252    59138    99700 
 6168 codespace ./cli mmap images/2048x2048        0    49252    59140    99716 
 6163 codespace ./cli mmap images/2048x2048        0    49256    59143    99700 
 6158 codespace ./cli mmap images/2048x2048        0    49256    59144    99720 
%CPU %MEM ARGS Sun Oct  4 18:23:39 UTC 2026
 0.0  0.0 grep --color=auto ./cli       0  2172
18.4  1.2 ./cli mmap images/2048x2048   1 99700
19.3  1.2 ./cli mmap images/2048x2048   1 99672
20.2  1.2 ./cli mmap images/2048x2048   1 99700
20.5  1.2 ./cli mmap images/2048x2048   0 99720
23.0  1.2 ./cli mmap images/2048x2048   0 99716
  PID User     Command                         Swap      USS      PSS      RSS 
 6346 codespace /usr/bin/python3 /usr/bin/s        0    12056    12309    14520 
 6160 codespace ./cli mmap images/2048x2048        0    49252    59133    99672 
 6166 codespace ./cli mmap images/2048x2048        0    49252    59138    99700 
 6168 codespace ./cli mmap images/2048x2048        0    49252    59140    99716 
 6158 codespace ./cli mmap images/2048x2048        0    49256    59141    99720 
 6163 codespace ./cli mmap images/2048x2048        0    49256    59141    99700 
%CPU %MEM ARGS Sun Oct  4 18:23:39 UTC 2026
 0.0  0.0 grep --color=auto ./cli       0  2340
18.1  1.2 ./cli mmap images/2048x2048   1 99700
19.0  1.2 ./cli mmap images/2048x2048   1 99672
19.7  1.2 ./cli mmap images/2048x2048   0 99700
20.3  1.2 ./cli mmap images/2048x2048   1 99720
23.0  1.2 ./cli mmap images/2048x2048   0 99716
  PID User     Command                         Swap      USS      PSS      RSS 
 6359 codespace /usr/bin/python3 /usr/bin/s        0    12084    12326    14476 
 6160 codespace ./cli mmap images/2048x2048        0    49252    59135    99672 
 6166 codespace ./cli mmap images/2048x2048        0    49252    59138    99700 
 6168 codespace ./cli mmap images/2048x2048        0    49252    59139    99716 
 6158 codespace ./cli mmap images/2048x2048        0    49256    59143    99720 
 6163 codespace ./cli mmap images/2048x2048        0    49256    59143    99700 
%CPU %MEM ARGS Sun Oct  4 18:23:40 UTC 2026
 0.0  0.0 grep --color=auto ./cli       1  2308
18.0  1.2 ./cli mmap images/2048x2048   1 99700
18.8  1.2 ./cli mmap images/2048x2048   0 99672
19.6  1.2 ./cli mmap images/2048x2048   0 99700
20.1  1.2 ./cli mmap images/2048x2048   0 99720
22.7  1.2 ./cli mmap images/2048x2048   0 99716
  PID User     Command                         Swap      USS      PSS      RSS 
 6365 codespace /usr/bin/python3 /usr/bin/s        0    12056    12309    14520 
 6160 codespace ./cli mmap images/2048x2048        0    49252    59133    99672 
 6158 codespace ./cli mmap images/2048x2048        0    49256    59137    99720 
 6166 codespace ./cli mmap images/2048x2048        0    49252    59138    99700 
 6168 codespace ./cli mmap images/2048x2048        0    49252    59139    99716 
 6163 codespace ./cli mmap images/2048x2048        0    49256    59143    99700 
%CPU %MEM ARGS Sun Oct  4 18:23:41 UTC 2026
 0.0  0.0 grep --color=auto ./cli       1  2176
17.8  1.2 ./cli mmap images/2048x2048   1 99700
19.3  1.2 ./cli mmap images/2048x2048   0 99700
19.4  1.2 ./cli mmap images/2048x2048   0 99672
19.8  1.2 ./cli mmap images/2048x2048   1 99720
22.1  1.2 ./cli mmap images/2048x2048   1 99716
  PID User     Command                         Swap      USS      PSS      RSS 
 6376 codespace /usr/bin/python3 /usr/bin/s        0    12076    12319    14520 
 6160 codespace ./cli mmap images/2048x2048        0    49252    59135    99672 
 6166 codespace ./cli mmap images/2048x2048        0    49252    59138    99700 
 6168 codespace ./cli mmap images/2048x2048        0    49252    59140    99716 
 6163 codespace ./cli mmap images/2048x2048        0    49256    59143    99700 
 6158 codespace ./cli mmap images/2048x2048        0    49256    59144    99720 
%CPU %MEM ARGS Sun Oct  4 18:23:42 UTC 2026
 0.0  0.0 grep --color=auto ./cli       0  2248
17.7  1.2 ./cli mmap images/2048x2048   1 99700
19.2  1.2 ./cli mmap images/2048x2048   1 99672
19.5  1.2 ./cli mmap images/2048x2048   1 99700
19.5  1.2 ./cli mmap images/2048x2048   1 99720
21.8  1.2 ./cli mmap images/2048x2048   1 99716
  PID User     Command                         Swap      USS      PSS      RSS 
 6388 codespace /usr/bin/python3 /usr/bin/s        0    12060    12312    14520 
 6160 codespace ./cli mmap images/2048x2048        0    49252    59135    99672 
 6166 codespace ./cli mmap images/2048x2048        0    49252    59138    99700 
 6168 codespace ./cli mmap images/2048x2048        0    49252    59140    99716 
 6163 codespace ./cli mmap images/2048x2048        0    49256    59143    99700 
 6158 codespace ./cli mmap images/2048x2048        0    49256    59144    99720 
%CPU %MEM ARGS Sun Oct  4 18:23:43 UTC 2026
 0.0  0.0 grep --color=auto ./cli       0  2168
17.5  1.2 ./cli mmap images/2048x2048   0 99700
19.0  1.2 ./cli mmap images/2048x2048   1 99672
19.3  1.2 ./cli mmap images/2048x2048   1 99720
19.4  1.2 ./cli mmap images/2048x2048   0 99700
21.5  1.2 ./cli mmap images/2048x2048   0 99716
  PID User     Command                         Swap      USS      PSS      RSS 
 6406 codespace /usr/bin/python3 /usr/bin/s        0    12056    12308    14516 
 6160 codespace ./cli mmap images/2048x2048        0    49252    59135    99672 
 6166 codespace ./cli mmap images/2048x2048        0    49252    59138    99700 
 6168 codespace ./cli mmap images/2048x2048        0    49252    59140    99716 
 6163 codespace ./cli mmap images/2048x2048        0    49256    59143    99700 
 6158 codespace ./cli mmap images/2048x2048        0    49256    59144    99720 
%CPU %MEM ARGS Sun Oct  4 18:23:43 UTC 2026
 0.0  0.0 grep --color=auto ./cli       0  2292
17.6  1.2 ./cli mmap images/2048x2048   0 99700
19.0  1.2 ./cli mmap images/2048x2048   0 99672
19.2  1.2 ./cli mmap images/2048x2048   0 99720
19.4  1.2 ./cli mmap images/2048x2048   1 99700
21.3  1.2 ./cli mmap images/2048x2048   1 99716
  PID User     Command                         Swap      USS      PSS      RSS 
 6412 codespace /usr/bin/python3 /usr/bin/s        0    12076    12334    14620 
 6160 codespace ./cli mmap images/2048x2048        0    49252    59135    99672 
 6166 codespace ./cli mmap images/2048x2048        0    49252    59138    99700 
 6168 codespace ./cli mmap images/2048x2048        0    49252    59139    99716 
 6158 codespace ./cli mmap images/2048x2048        0    49256    59143    99720 
 6163 codespace ./cli mmap images/2048x2048        0    49256    59144    99700 
%CPU %MEM ARGS Sun Oct  4 18:23:44 UTC 2026
 0.0  0.0 grep --color=auto ./cli       0  2100
17.5  1.2 ./cli mmap images/2048x2048   0 99700
18.9  1.2 ./cli mmap images/2048x2048   0 99672
19.0  1.2 ./cli mmap images/2048x2048   0 99720
19.5  1.2 ./cli mmap images/2048x2048   1 99700
21.2  1.2 ./cli mmap images/2048x2048   0 99716
  PID User     Command                         Swap      USS      PSS      RSS 
 6418 codespace /usr/bin/python3 /usr/bin/s        0    12076    12322    14472 
 6160 codespace ./cli mmap images/2048x2048        0    49252    59132    99672 
 6166 codespace ./cli mmap images/2048x2048        0    49252    59132    99700 
 6163 codespace ./cli mmap images/2048x2048        0    49256    59139    99700 
 6168 codespace ./cli mmap images/2048x2048        0    49252    59139    99716 
 6158 codespace ./cli mmap images/2048x2048        0    49256    59141    99720 
%CPU %MEM ARGS Sun Oct  4 18:23:45 UTC 2026
 0.0  0.0 grep --color=auto ./cli       0  2300
17.3  1.2 ./cli mmap images/2048x2048   0 99700
18.8  1.2 ./cli mmap images/2048x2048   0 99720
18.9  1.2 ./cli mmap images/2048x2048   1 99672
19.4  1.2 ./cli mmap images/2048x2048   0 99700
20.8  1.2 ./cli mmap images/2048x2048   0 99716
  PID User     Command                         Swap      USS      PSS      RSS 
 6435 codespace /usr/bin/python3 /usr/bin/s        0    12064    12315    14508 
 6160 codespace ./cli mmap images/2048x2048        0    49252    59135    99672 
 6166 codespace ./cli mmap images/2048x2048        0    49252    59138    99700 
 6168 codespace ./cli mmap images/2048x2048        0    49252    59139    99716 
 6158 codespace ./cli mmap images/2048x2048        0    49256    59143    99720 
 6163 codespace ./cli mmap images/2048x2048        0    49256    59143    99700 
%CPU %MEM ARGS Sun Oct  4 18:23:46 UTC 2026
 0.0  0.0 grep --color=auto ./cli       1  2248
17.2  1.2 ./cli mmap images/2048x2048   0 99700
18.6  1.2 ./cli mmap images/2048x2048   0 99720
18.9  1.2 ./cli mmap images/2048x2048   0 99672
19.6  1.2 ./cli mmap images/2048x2048   1 99700
20.6  1.2 ./cli mmap images/2048x2048   0 99716
  PID User     Command                         Swap      USS      PSS      RSS 
 6441 codespace /usr/bin/python3 /usr/bin/s        0    12032    12292    14460 
 6160 codespace ./cli mmap images/2048x2048        0    49252    59135    99672 
 6166 codespace ./cli mmap images/2048x2048        0    49252    59138    99700 
 6168 codespace ./cli mmap images/2048x2048        0    49252    59139    99716 
 6158 codespace ./cli mmap images/2048x2048        0    49256    59143    99720 
 6163 codespace ./cli mmap images/2048x2048        0    49256    59143    99700 
%CPU %MEM ARGS Sun Oct  4 18:23:47 UTC 2026
 0.0  0.0 grep --color=auto ./cli       1  2252
17.1  1.2 ./cli mmap images/2048x2048   0 99700
18.6  1.2 ./cli mmap images/2048x2048   1 99720
18.7  1.2 ./cli mmap images/2048x2048   0 99672
19.8  1.2 ./cli mmap images/2048x2048   0 99700
20.4  1.2 ./cli mmap images/2048x2048   0 99716
  PID User     Command                         Swap      USS      PSS      RSS 
 6447 codespace /usr/bin/python3 /usr/bin/s        0    12124    12373    14592 
 6160 codespace ./cli mmap images/2048x2048        0    49252    59135    99672 
 6166 codespace ./cli mmap images/2048x2048        0    49252    59138    99700 
 6168 codespace ./cli mmap images/2048x2048        0    49252    59140    99716 
 6163 codespace ./cli mmap images/2048x2048        0    49256    59143    99700 
 6158 codespace ./cli mmap images/2048x2048        0    49256    59144    99720 
%CPU %MEM ARGS Sun Oct  4 18:23:48 UTC 2026
 0.0  0.0 grep --color=auto ./cli       0  2300
17.1  1.2 ./cli mmap images/2048x2048   1 99700
18.6  1.2 ./cli mmap images/2048x2048   0 99720
18.7  1.2 ./cli mmap images/2048x2048   1 99672
19.8  1.2 ./cli mmap images/2048x2048   1 99700
20.3  1.2 ./cli mmap images/2048x2048   1 99716
  PID User     Command                         Swap      USS      PSS      RSS 
 6453 codespace /usr/bin/python3 /usr/bin/s        0    12108    12357    14576 
 6160 codespace ./cli mmap images/2048x2048        0    49252    59135    99672 
 6166 codespace ./cli mmap images/2048x2048        0    49252    59138    99700 
 6168 codespace ./cli mmap images/2048x2048        0    49252    59140    99716 
 6163 codespace ./cli mmap images/2048x2048        0    49256    59143    99700 
 6158 codespace ./cli mmap images/2048x2048        0    49256    59144    99720 
%CPU %MEM ARGS Sun Oct  4 18:23:48 UTC 2026
 0.0  0.0 grep --color=auto ./cli       0  2204
17.2  1.2 ./cli mmap images/2048x2048   0 99700
18.5  1.2 ./cli mmap images/2048x2048   1 99672
18.7  1.2 ./cli mmap images/2048x2048   0 99720
19.7  1.2 ./cli mmap images/2048x2048   1 99700
20.1  1.2 ./cli mmap images/2048x2048   0 99716
  PID User     Command                         Swap      USS      PSS      RSS 
 6459 codespace /usr/bin/python3 /usr/bin/s        0    12060    12318    14488 
 6160 codespace ./cli mmap images/2048x2048        0    49252    59132    99672 
 6166 codespace ./cli mmap images/2048x2048        0    49252    59132    99700 
 6163 codespace ./cli mmap images/2048x2048        0    49256    59137    99700 
 6168 codespace ./cli mmap images/2048x2048        0    49252    59139    99716 
 6158 codespace ./cli mmap images/2048x2048        0    49256    59143    99720 
%CPU %MEM ARGS Sun Oct  4 18:23:49 UTC 2026
 0.0  0.0 grep --color=auto ./cli       1  2160
17.2  1.2 ./cli mmap images/2048x2048   1 99700
18.6  1.2 ./cli mmap images/2048x2048   0 99720
18.6  1.2 ./cli mmap images/2048x2048   1 99672
19.6  1.2 ./cli mmap images/2048x2048   0 99700
20.0  1.2 ./cli mmap images/2048x2048   1 99716
  PID User     Command                         Swap      USS      PSS      RSS 
 6471 codespace /usr/bin/python3 /usr/bin/s        0    12076    12320    14532 
 6160 codespace ./cli mmap images/2048x2048        0    49252    59135    99672 
 6166 codespace ./cli mmap images/2048x2048        0    49252    59138    99700 
 6168 codespace ./cli mmap images/2048x2048        0    49252    59140    99716 
 6163 codespace ./cli mmap images/2048x2048        0    49256    59143    99700 
 6158 codespace ./cli mmap images/2048x2048        0    49256    59144    99720 
%CPU %MEM ARGS Sun Oct  4 18:23:50 UTC 2026
 0.0  0.0 grep --color=auto ./cli       1  2208
17.1  1.2 ./cli mmap images/2048x2048   1 99700
18.5  1.2 ./cli mmap images/2048x2048   1 99672
18.8  1.2 ./cli mmap images/2048x2048   0 99720
19.5  1.2 ./cli mmap images/2048x2048   1 99700
19.9  1.2 ./cli mmap images/2048x2048   1 99716
  PID User     Command                         Swap      USS      PSS      RSS 
 6476 codespace /usr/bin/python3 /usr/bin/s        0    12068    12318    14540 
 6160 codespace ./cli mmap images/2048x2048        0    49252    59135    99672 
 6166 codespace ./cli mmap images/2048x2048        0    49252    59138    99700 
 6168 codespace ./cli mmap images/2048x2048        0    49252    59139    99716 
 6158 codespace ./cli mmap images/2048x2048        0    49256    59143    99720 
 6163 codespace ./cli mmap images/2048x2048        0    49256    59144    99700 
%CPU %MEM ARGS Sun Oct  4 18:23:51 UTC 2026
 0.0  0.0 grep --color=auto ./cli       0  2176
17.0  1.2 ./cli mmap images/2048x2048   0 99700
18.5  1.2 ./cli mmap images/2048x2048   1 99672
18.9  1.2 ./cli mmap images/2048x2048   1 99720
19.4  1.2 ./cli mmap images/2048x2048   1 99700
19.7  1.2 ./cli mmap images/2048x2048   1 99716
  PID User     Command                         Swap      USS      PSS      RSS 
 6488 codespace /usr/bin/python3 /usr/bin/s        0    12076    12319    14520 
 6160 codespace ./cli mmap images/2048x2048        0    49252    59135    99672 
 6166 codespace ./cli mmap images/2048x2048        0    49252    59138    99700 
 6168 codespace ./cli mmap images/2048x2048        0    49252    59140    99716 
 6163 codespace ./cli mmap images/2048x2048        0    49256    59143    99700 
 6158 codespace ./cli mmap images/2048x2048        0    49256    59144    99720 
%CPU %MEM ARGS Sun Oct  4 18:23:52 UTC 2026
 0.0  0.0 grep --color=auto ./cli       1  2176
17.6  1.2 ./cli mmap images/2048x2048   0 99700
18.3  1.2 ./cli mmap images/2048x2048   1 99672
18.7  1.2 ./cli mmap images/2048x2048   1 99720
19.2  1.2 ./cli mmap images/2048x2048   1 99700
19.5  1.2 ./cli mmap images/2048x2048   1 99716
  PID User     Command                         Swap      USS      PSS      RSS 
 6494 codespace /usr/bin/python3 /usr/bin/s        0    12076    12319    14520 
 6160 codespace ./cli mmap images/2048x2048        0    49252    59135    99672 
 6166 codespace ./cli mmap images/2048x2048        0    49252    59138    99700 
 6168 codespace ./cli mmap images/2048x2048        0    49252    59140    99716 
 6163 codespace ./cli mmap images/2048x2048        0    49256    59143    99700 
 6158 codespace ./cli mmap images/2048x2048        0    49256    59144    99720 
%CPU %MEM ARGS Sun Oct  4 18:23:52 UTC 2026
 0.0  0.0 grep --color=auto ./cli       0  2180
17.6  1.2 ./cli mmap images/2048x2048   1 99700
18.2  1.2 ./cli mmap images/2048x2048   1 99672
18.5  1.2 ./cli mmap images/2048x2048   1 99720
19.1  1.2 ./cli mmap images/2048x2048   1 99700
19.7  1.2 ./cli mmap images/2048x2048   0 99716
  PID User     Command                         Swap      USS      PSS      RSS 
 6512 codespace /usr/bin/python3 /usr/bin/s        0    12060    12269    14524 
 6166 codespace ./cli mmap images/2048x2048        0    49252    59132    99700 
 6160 codespace ./cli mmap images/2048x2048        0    49252    59134    99672 
 6168 codespace ./cli mmap images/2048x2048        0    49252    59134    99716 
 6163 codespace ./cli mmap images/2048x2048        0    49256    59141    99700 
 6158 codespace ./cli mmap images/2048x2048        0    49256    59144    99720 
%CPU %MEM ARGS Sun Oct  4 18:23:53 UTC 2026
 0.0  0.0 grep --color=auto ./cli       0  2248
17.4  1.2 ./cli mmap images/2048x2048   1 99700
18.1  1.2 ./cli mmap images/2048x2048   0 99672
18.7  1.2 ./cli mmap images/2048x2048   1 99720
18.9  1.2 ./cli mmap images/2048x2048   1 99700
19.5  1.2 ./cli mmap images/2048x2048   0 99716
  PID User     Command                         Swap      USS      PSS      RSS 
 6530 codespace /usr/bin/python3 /usr/bin/s        0    12052    12308    14480 
 6160 codespace ./cli mmap images/2048x2048        0    49252    59135    99672 
 6166 codespace ./cli mmap images/2048x2048        0    49252    59138    99700 
 6168 codespace ./cli mmap images/2048x2048        0    49252    59139    99716 
 6158 codespace ./cli mmap images/2048x2048        0    49256    59143    99720 
 6163 codespace ./cli mmap images/2048x2048        0    49256    59144    99700 
%CPU %MEM ARGS Sun Oct  4 18:23:54 UTC 2026
 0.0  0.0 grep --color=auto ./cli       1  2340
17.4  1.2 ./cli mmap images/2048x2048   0 99700
18.2  1.2 ./cli mmap images/2048x2048   1 99672
18.6  1.2 ./cli mmap images/2048x2048   0 99720
18.8  1.2 ./cli mmap images/2048x2048   0 99700
19.5  1.2 ./cli mmap images/2048x2048   0 99716
  PID User     Command                         Swap      USS      PSS      RSS 
 6535 codespace /usr/bin/python3 /usr/bin/s        0    12060    12313    14524 
 6160 codespace ./cli mmap images/2048x2048        0    49252    59135    99672 
 6166 codespace ./cli mmap images/2048x2048        0    49252    59138    99700 
 6168 codespace ./cli mmap images/2048x2048        0    49252    59139    99716 
 6158 codespace ./cli mmap images/2048x2048        0    49256    59143    99720 
 6163 codespace ./cli mmap images/2048x2048        0    49256    59143    99700 
%CPU %MEM ARGS Sun Oct  4 18:23:55 UTC 2026
 0.0  0.0 grep --color=auto ./cli       0  2172
17.4  1.2 ./cli mmap images/2048x2048   0 99700
18.5  1.2 ./cli mmap images/2048x2048   1 99720
18.6  1.2 ./cli mmap images/2048x2048   1 99672
18.7  1.2 ./cli mmap images/2048x2048   1 99700
19.3  1.2 ./cli mmap images/2048x2048   0 99716
  PID User     Command                         Swap      USS      PSS      RSS 
 6542 codespace /usr/bin/python3 /usr/bin/s        0    12056    12286    14532 
 6160 codespace ./cli mmap images/2048x2048        0    49252    59135    99672 
 6166 codespace ./cli mmap images/2048x2048        0    49252    59138    99700 
 6168 codespace ./cli mmap images/2048x2048        0    49252    59139    99716 
 6158 codespace ./cli mmap images/2048x2048        0    49256    59143    99720 
 6163 codespace ./cli mmap images/2048x2048        0    49256    59143    99700 
%CPU %MEM ARGS Sun Oct  4 18:23:56 UTC 2026
 0.0  0.0 grep --color=auto ./cli       1  2172
17.3  1.2 ./cli mmap images/2048x2048   1 99700
18.4  1.2 ./cli mmap images/2048x2048   0 99672
18.6  1.2 ./cli mmap images/2048x2048   1 99700
18.8  1.2 ./cli mmap images/2048x2048   0 99720
19.2  1.2 ./cli mmap images/2048x2048   0 99716
  PID User     Command                         Swap      USS      PSS      RSS 
 6553 codespace /usr/bin/python3 /usr/bin/s        0    12060    12319    14520 
 6160 codespace ./cli mmap images/2048x2048        0    49252    59135    99672 
 6166 codespace ./cli mmap images/2048x2048        0    49252    59138    99700 
 6168 codespace ./cli mmap images/2048x2048        0    49252    59140    99716 
 6163 codespace ./cli mmap images/2048x2048        0    49256    59143    99700 
 6158 codespace ./cli mmap images/2048x2048        0    49256    59144    99720 
%CPU %MEM ARGS Sun Oct  4 18:23:57 UTC 2026
 0.0  0.0 grep --color=auto ./cli       1  2160
17.4  1.2 ./cli mmap images/2048x2048   0 99700
18.4  1.2 ./cli mmap images/2048x2048   1 99672
18.6  1.2 ./cli mmap images/2048x2048   0 99700
18.8  1.2 ./cli mmap images/2048x2048   0 99720
19.1  1.2 ./cli mmap images/2048x2048   0 99716
  PID User     Command                         Swap      USS      PSS      RSS 
 6559 codespace /usr/bin/python3 /usr/bin/s        0    12092    12340    14588 
 6160 codespace ./cli mmap images/2048x2048        0    49252    59135    99672 
 6158 codespace ./cli mmap images/2048x2048        0    49256    59137    99720 
 6166 codespace ./cli mmap images/2048x2048        0    49252    59138    99700 
 6168 codespace ./cli mmap images/2048x2048        0    49252    59140    99716 
 6163 codespace ./cli mmap images/2048x2048        0    49256    59144    99700 
%CPU %MEM ARGS Sun Oct  4 18:23:58 UTC 2026
 0.0  0.0 grep --color=auto ./cli       0  2168
17.3  1.2 ./cli mmap images/2048x2048   0 99700
18.5  1.2 ./cli mmap images/2048x2048   1 99672
18.5  1.2 ./cli mmap images/2048x2048   0 99700
18.8  1.2 ./cli mmap images/2048x2048   0 99720
18.9  1.2 ./cli mmap images/2048x2048   0 99716
  PID User     Command                         Swap      USS      PSS      RSS 
 6571 codespace /usr/bin/python3 /usr/bin/s        0    12112    12365    14540 
 6160 codespace ./cli mmap images/2048x2048        0    49252    59135    99672 
 6166 codespace ./cli mmap images/2048x2048        0    49252    59138    99700 
 6168 codespace ./cli mmap images/2048x2048        0    49252    59140    99716 
 6158 codespace ./cli mmap images/2048x2048        0    49256    59144    99720 
 6163 codespace ./cli mmap images/2048x2048        0    49256    59144    99700 
%CPU %MEM ARGS Sun Oct  4 18:23:59 UTC 2026
 0.0  0.0 grep --color=auto ./cli       0  2176
17.2  1.2 ./cli mmap images/2048x2048   0 99700
18.4  1.2 ./cli mmap images/2048x2048   0 99700
18.6  1.2 ./cli mmap images/2048x2048   0 99720
18.8  1.2 ./cli mmap images/2048x2048   0 99716
18.9  1.2 ./cli mmap images/2048x2048   1 99672
  PID User     Command                         Swap      USS      PSS      RSS 
 6577 codespace /usr/bin/python3 /usr/bin/s        0    12080    12325    14476 
 6160 codespace ./cli mmap images/2048x2048        0    49252    59135    99672 
 6166 codespace ./cli mmap images/2048x2048        0    49252    59138    99700 
 6168 codespace ./cli mmap images/2048x2048        0    49252    59139    99716 
 6158 codespace ./cli mmap images/2048x2048        0    49256    59143    99720 
 6163 codespace ./cli mmap images/2048x2048        0    49256    59144    99700 
%CPU %MEM ARGS Sun Oct  4 18:24:00 UTC 2026
 0.0  0.0 grep --color=auto ./cli       1  2288
17.1  1.2 ./cli mmap images/2048x2048   0 99700
18.2  1.2 ./cli mmap images/2048x2048   0 99700
18.5  1.2 ./cli mmap images/2048x2048   0 99720
18.7  1.2 ./cli mmap images/2048x2048   0 99716
19.4  1.2 ./cli mmap images/2048x2048   0 99672
  PID User     Command                         Swap      USS      PSS      RSS 
 6583 codespace /usr/bin/python3 /usr/bin/s        0    12124    12373    14592 
 6160 codespace ./cli mmap images/2048x2048        0    49252    59135    99672 
 6166 codespace ./cli mmap images/2048x2048        0    49252    59138    99700 
 6168 codespace ./cli mmap images/2048x2048        0    49252    59140    99716 
 6163 codespace ./cli mmap images/2048x2048        0    49256    59143    99700 
 6158 codespace ./cli mmap images/2048x2048        0    49256    59144    99720 
%CPU %MEM ARGS Sun Oct  4 18:24:00 UTC 2026
 0.0  0.0 grep --color=auto ./cli       1  2172
17.0  1.2 ./cli mmap images/2048x2048   1 99700
18.2  1.2 ./cli mmap images/2048x2048   0 99700
18.5  1.2 ./cli mmap images/2048x2048   0 99720
18.6  1.2 ./cli mmap images/2048x2048   0 99716
19.3  1.2 ./cli mmap images/2048x2048   1 99672
  PID User     Command                         Swap      USS      PSS      RSS 
 6588 codespace /usr/bin/python3 /usr/bin/s        0    12060    12319    14520 
 6160 codespace ./cli mmap images/2048x2048        0    49252    59135    99672 
 6166 codespace ./cli mmap images/2048x2048        0    49252    59138    99700 
 6168 codespace ./cli mmap images/2048x2048        0    49252    59139    99716 
 6158 codespace ./cli mmap images/2048x2048        0    49256    59143    99720 
 6163 codespace ./cli mmap images/2048x2048        0    49256    59144    99700 
%CPU %MEM ARGS Sun Oct  4 18:24:01 UTC 2026
 0.0  0.0 grep --color=auto ./cli       0  2172
17.1  1.2 ./cli mmap images/2048x2048   0 99700
18.2  1.2 ./cli mmap images/2048x2048   0 99700
18.5  1.2 ./cli mmap images/2048x2048   1 99720
18.5  1.2 ./cli mmap images/2048x2048   0 99716
19.2  1.2 ./cli mmap images/2048x2048   1 99672
  PID User     Command                         Swap      USS      PSS      RSS 
 6594 codespace /usr/bin/python3 /usr/bin/s        0    12108    12349    14592 
 6160 codespace ./cli mmap images/2048x2048        0    49252    59127    99672 
 6158 codespace ./cli mmap images/2048x2048        0    49256    59135    99720 
 6163 codespace ./cli mmap images/2048x2048        0    49256    59137    99700 
 6166 codespace ./cli mmap images/2048x2048        0    49252    59138    99700 
 6168 codespace ./cli mmap images/2048x2048        0    49252    59140    99716 
%CPU %MEM ARGS Sun Oct  4 18:24:02 UTC 2026
 0.0  0.0 grep --color=auto ./cli       0  2340
17.2  1.2 ./cli mmap images/2048x2048   1 99700
18.1  1.2 ./cli mmap images/2048x2048   0 99700
18.4  1.2 ./cli mmap images/2048x2048   0 99720
18.5  1.2 ./cli mmap images/2048x2048   0 99716
19.1  1.2 ./cli mmap images/2048x2048   0 99672
  PID User     Command                         Swap      USS      PSS      RSS 
 6612 codespace /usr/bin/python3 /usr/bin/s        0    12060    12314    14508 
 6160 codespace ./cli mmap images/2048x2048        0    49252    59135    99672 
 6166 codespace ./cli mmap images/2048x2048        0    49252    59138    99700 
 6168 codespace ./cli mmap images/2048x2048        0    49252    59140    99716 
 6163 codespace ./cli mmap images/2048x2048        0    49256    59142    99700 
 6158 codespace ./cli mmap images/2048x2048        0    49256    59144    99720 
%CPU %MEM ARGS Sun Oct  4 18:24:03 UTC 2026
 0.0  0.0 grep --color=auto ./cli       0  2252
17.2  1.2 ./cli mmap images/2048x2048   1 99700
18.1  1.2 ./cli mmap images/2048x2048   0 99700
18.2  1.2 ./cli mmap images/2048x2048   0 99720
18.5  1.2 ./cli mmap images/2048x2048   0 99716
19.0  1.2 ./cli mmap images/2048x2048   0 99672
  PID User     Command                         Swap      USS      PSS      RSS 
 6624 codespace /usr/bin/python3 /usr/bin/s        0    12088    12358    14476 
 6160 codespace ./cli mmap images/2048x2048        0    49252    59135    99672 
 6166 codespace ./cli mmap images/2048x2048        0    49252    59138    99700 
 6168 codespace ./cli mmap images/2048x2048        0    49252    59141    99716 
 6158 codespace ./cli mmap images/2048x2048        0    49256    59143    99720 
 6163 codespace ./cli mmap images/2048x2048        0    49256    59143    99700 
%CPU %MEM ARGS Sun Oct  4 18:24:04 UTC 2026
 0.0  0.0 grep --color=auto ./cli       1  2180
17.2  1.2 ./cli mmap images/2048x2048   1 99700
18.0  1.2 ./cli mmap images/2048x2048   1 99700
18.3  1.2 ./cli mmap images/2048x2048   1 99720
18.4  1.2 ./cli mmap images/2048x2048   0 99716
19.0  1.2 ./cli mmap images/2048x2048   0 99672
  PID User     Command                         Swap      USS      PSS      RSS 
 6642 codespace /usr/bin/python3 /usr/bin/s        0    12080    12320    14460 
 6160 codespace ./cli mmap images/2048x2048        0    49252    59135    99672 
 6166 codespace ./cli mmap images/2048x2048        0    49252    59138    99700 
 6168 codespace ./cli mmap images/2048x2048        0    49252    59139    99716 
 6158 codespace ./cli mmap images/2048x2048        0    49256    59143    99720 
 6163 codespace ./cli mmap images/2048x2048        0    49256    59143    99700 
%CPU %MEM ARGS Sun Oct  4 18:24:05 UTC 2026
 0.0  0.0 grep --color=auto ./cli       1  2184
17.1  1.2 ./cli mmap images/2048x2048   1 99700
18.0  1.2 ./cli mmap images/2048x2048   1 99700
18.3  1.2 ./cli mmap images/2048x2048   1 99720
18.4  1.2 ./cli mmap images/2048x2048   1 99716
19.1  1.2 ./cli mmap images/2048x2048   0 99672
  PID User     Command                         Swap      USS      PSS      RSS 
 6648 codespace /usr/bin/python3 /usr/bin/s        0    12080    12324    14480 
 6160 codespace ./cli mmap images/2048x2048        0    49252    59135    99672 
 6166 codespace ./cli mmap images/2048x2048        0    49252    59138    99700 
 6168 codespace ./cli mmap images/2048x2048        0    49252    59139    99716 
 6158 codespace ./cli mmap images/2048x2048        0    49256    59143    99720 
 6163 codespace ./cli mmap images/2048x2048        0    49256    59143    99700 
%CPU %MEM ARGS Sun Oct  4 18:24:05 UTC 2026
 0.0  0.0 grep --color=auto ./cli       1  2296
17.1  1.2 ./cli mmap images/2048x2048   0 99700
17.9  1.2 ./cli mmap images/2048x2048   0 99700
18.2  1.2 ./cli mmap images/2048x2048   0 99720
18.4  1.2 ./cli mmap images/2048x2048   0 99716
19.0  1.2 ./cli mmap images/2048x2048   0 99672
  PID User     Command                         Swap      USS      PSS      RSS 
 6653 codespace /usr/bin/python3 /usr/bin/s        0    12060    12315    14488 
 6160 codespace ./cli mmap images/2048x2048        0    49252    59129    99672 
 6166 codespace ./cli mmap images/2048x2048        0    49252    59138    99700 
 6163 codespace ./cli mmap images/2048x2048        0    49256    59139    99700 
 6168 codespace ./cli mmap images/2048x2048        0    49252    59139    99716 
 6158 codespace ./cli mmap images/2048x2048        0    49256    59143    99720 
%CPU %MEM ARGS Sun Oct  4 18:24:06 UTC 2026
 0.0  0.0 grep --color=auto ./cli       1  2288
17.0  1.2 ./cli mmap images/2048x2048   0 99700
17.8  1.2 ./cli mmap images/2048x2048   0 99700
18.1  1.2 ./cli mmap images/2048x2048   0 99720
18.3  1.2 ./cli mmap images/2048x2048   0 99716
19.3  1.2 ./cli mmap images/2048x2048   1 99672
  PID User     Command                         Swap      USS      PSS      RSS 
 6665 codespace /usr/bin/python3 /usr/bin/s        0    12100    12347    14496 
 6160 codespace ./cli mmap images/2048x2048        0    49252    59135    99672 
 6166 codespace ./cli mmap images/2048x2048        0    49252    59138    99700 
 6168 codespace ./cli mmap images/2048x2048        0    49252    59139    99716 
 6158 codespace ./cli mmap images/2048x2048        0    49256    59143    99720 
 6163 codespace ./cli mmap images/2048x2048        0    49256    59144    99700 
%CPU %MEM ARGS Sun Oct  4 18:24:07 UTC 2026
 0.0  0.0 grep --color=auto ./cli       1  2176
17.0  1.2 ./cli mmap images/2048x2048   0 99700
17.8  1.2 ./cli mmap images/2048x2048   0 99700
18.0  1.2 ./cli mmap images/2048x2048   0 99720
18.2  1.2 ./cli mmap images/2048x2048   0 99716
19.3  1.2 ./cli mmap images/2048x2048   1 99672
  PID User     Command                         Swap      USS      PSS      RSS 
 6671 codespace /usr/bin/python3 /usr/bin/s        0    12084    12331    14480 
 6160 codespace ./cli mmap images/2048x2048        0    49252    59133    99672 
 6166 codespace ./cli mmap images/2048x2048        0    49252    59135    99700 
 6168 codespace ./cli mmap images/2048x2048        0    49252    59139    99716 
 6158 codespace ./cli mmap images/2048x2048        0    49256    59141    99720 
 6163 codespace ./cli mmap images/2048x2048        0    49256    59141    99700 
%CPU %MEM ARGS Sun Oct  4 18:24:08 UTC 2026
 0.0  0.0 grep --color=auto ./cli       1  2176
17.0  1.2 ./cli mmap images/2048x2048   1 99700
17.8  1.2 ./cli mmap images/2048x2048   0 99700
18.0  1.2 ./cli mmap images/2048x2048   0 99720
18.2  1.2 ./cli mmap images/2048x2048   1 99716
19.5  1.2 ./cli mmap images/2048x2048   1 99672
  PID User     Command                         Swap      USS      PSS      RSS 
 6684 codespace /usr/bin/python3 /usr/bin/s        0    12068    12321    14532 
 6160 codespace ./cli mmap images/2048x2048        0    49252    59135    99672 
 6166 codespace ./cli mmap images/2048x2048        0    49252    59138    99700 
 6168 codespace ./cli mmap images/2048x2048        0    49252    59140    99716 
 6163 codespace ./cli mmap images/2048x2048        0    49256    59143    99700 
 6158 codespace ./cli mmap images/2048x2048        0    49256    59144    99720 
%CPU %MEM ARGS Sun Oct  4 18:24:09 UTC 2026
 0.0  0.0 grep --color=auto ./cli       0  2204
16.9  1.2 ./cli mmap images/2048x2048   1 99700
17.7  1.2 ./cli mmap images/2048x2048   1 99700
18.0  1.2 ./cli mmap images/2048x2048   0 99720
18.1  1.2 ./cli mmap images/2048x2048   1 99716
19.4  1.2 ./cli mmap images/2048x2048   0 99672
  PID User     Command                         Swap      USS      PSS      RSS 
 6689 codespace /usr/bin/python3 /usr/bin/s        0    12064    12309    14464 
 6160 codespace ./cli mmap images/2048x2048        0    49252    59135    99672 
 6166 codespace ./cli mmap images/2048x2048        0    49252    59138    99700 
 6168 codespace ./cli mmap images/2048x2048        0    49252    59139    99716 
 6158 codespace ./cli mmap images/2048x2048        0    49256    59143    99720 
 6163 codespace ./cli mmap images/2048x2048        0    49256    59144    99700 
%CPU %MEM ARGS Sun Oct  4 18:24:09 UTC 2026
 0.0  0.0 grep --color=auto ./cli       0  2164
17.0  1.2 ./cli mmap images/2048x2048   0 99700
17.7  1.2 ./cli mmap images/2048x2048   0 99700
17.9  1.2 ./cli mmap images/2048x2048   0 99720
18.2  1.2 ./cli mmap images/2048x2048   1 99716
19.3  1.2 ./cli mmap images/2048x2048   0 99672
  PID User     Command                         Swap      USS      PSS      RSS 
 6695 codespace /usr/bin/python3 /usr/bin/s        0    12084    12327    14476 
 6160 codespace ./cli mmap images/2048x2048        0    49252    59135    99672 
 6166 codespace ./cli mmap images/2048x2048        0    49252    59138    99700 
 6168 codespace ./cli mmap images/2048x2048        0    49252    59139    99716 
 6158 codespace ./cli mmap images/2048x2048        0    49256    59143    99720 
 6163 codespace ./cli mmap images/2048x2048        0    49256    59143    99700 
%CPU %MEM ARGS Sun Oct  4 18:24:10 UTC 2026
 0.0  0.0 grep --color=auto ./cli       1  2156
16.9  1.2 ./cli mmap images/2048x2048   0 99700
17.7  1.2 ./cli mmap images/2048x2048   0 99700
18.0  1.2 ./cli mmap images/2048x2048   1 99720
18.2  1.2 ./cli mmap images/2048x2048   0 99716
19.3  1.2 ./cli mmap images/2048x2048   1 99672
  PID User     Command                         Swap      USS      PSS      RSS 
 6701 codespace /usr/bin/python3 /usr/bin/s        0    12112    12348    14588 
 6160 codespace ./cli mmap images/2048x2048        0    49252    59135    99672 
 6166 codespace ./cli mmap images/2048x2048        0    49252    59138    99700 
 6168 codespace ./cli mmap images/2048x2048        0    49252    59140    99716 
 6163 codespace ./cli mmap images/2048x2048        0    49256    59143    99700 
 6158 codespace ./cli mmap images/2048x2048        0    49256    59144    99720 
%CPU %MEM ARGS Sun Oct  4 18:24:11 UTC 2026
 0.0  0.0 grep --color=auto ./cli       1  2152
16.9  1.2 ./cli mmap images/2048x2048   0 99700
17.6  1.2 ./cli mmap images/2048x2048   0 99700
18.0  1.2 ./cli mmap images/2048x2048   1 99720
18.2  1.2 ./cli mmap images/2048x2048   0 99716
19.2  1.2 ./cli mmap images/2048x2048   0 99672
  PID User     Command                         Swap      USS      PSS      RSS 
 6713 codespace /usr/bin/python3 /usr/bin/s        0    12064    12323    14584 
 6160 codespace ./cli mmap images/2048x2048        0    49252    59135    99672 
 6166 codespace ./cli mmap images/2048x2048        0    49252    59138    99700 
 6168 codespace ./cli mmap images/2048x2048        0    49252    59140    99716 
 6163 codespace ./cli mmap images/2048x2048        0    49256    59143    99700 
 6158 codespace ./cli mmap images/2048x2048        0    49256    59144    99720 
%CPU %MEM ARGS Sun Oct  4 18:24:12 UTC 2026
 0.0  0.0 grep --color=auto ./cli       0  2176
16.8  1.2 ./cli mmap images/2048x2048   0 99700
17.6  1.2 ./cli mmap images/2048x2048   0 99700
18.0  1.2 ./cli mmap images/2048x2048   0 99720
18.1  1.2 ./cli mmap images/2048x2048   0 99716
19.3  1.2 ./cli mmap images/2048x2048   1 99672
  PID User     Command                         Swap      USS      PSS      RSS 
 6718 codespace /usr/bin/python3 /usr/bin/s        0    12064    12299    14476 
 6160 codespace ./cli mmap images/2048x2048        0    49252    59135    99672 
 6166 codespace ./cli mmap images/2048x2048        0    49252    59138    99700 
 6168 codespace ./cli mmap images/2048x2048        0    49252    59140    99716 
 6163 codespace ./cli mmap images/2048x2048        0    49256    59143    99700 
 6158 codespace ./cli mmap images/2048x2048        0    49256    59144    99720 
%CPU %MEM ARGS Sun Oct  4 18:24:13 UTC 2026
 0.0  0.0 grep --color=auto ./cli       0  2164
16.8  1.2 ./cli mmap images/2048x2048   0 99700
17.5  1.2 ./cli mmap images/2048x2048   0 99700
17.9  1.2 ./cli mmap images/2048x2048   0 99720
18.0  1.2 ./cli mmap images/2048x2048   0 99716
19.6  1.2 ./cli mmap images/2048x2048   1 99672
  PID User     Command                         Swap      USS      PSS      RSS 
 6724 codespace /usr/bin/python3 /usr/bin/s        0    12072    12330    14568 
 6160 codespace ./cli mmap images/2048x2048        0    49252    59135    99672 
 6166 codespace ./cli mmap images/2048x2048        0    49252    59138    99700 
 6168 codespace ./cli mmap images/2048x2048        0    49252    59139    99716 
 6158 codespace ./cli mmap images/2048x2048        0    49256    59141    99720 
 6163 codespace ./cli mmap images/2048x2048        0    49256    59143    99700 
%CPU %MEM ARGS Sun Oct  4 18:24:14 UTC 2026
 0.0  0.0 grep --color=auto ./cli       0  2300
16.8  1.2 ./cli mmap images/2048x2048   0 99700
17.5  1.2 ./cli mmap images/2048x2048   0 99700
17.8  1.2 ./cli mmap images/2048x2048   0 99720
17.9  1.2 ./cli mmap images/2048x2048   1 99716
19.6  1.2 ./cli mmap images/2048x2048   1 99672
  PID User     Command                         Swap      USS      PSS      RSS 
 6742 codespace /usr/bin/python3 /usr/bin/s        0    12080    12336    14592 
 6160 codespace ./cli mmap images/2048x2048        0    49252    59135    99672 
 6166 codespace ./cli mmap images/2048x2048        0    49252    59138    99700 
 6168 codespace ./cli mmap images/2048x2048        0    49252    59139    99716 
 6158 codespace ./cli mmap images/2048x2048        0    49256    59143    99720 
 6163 codespace ./cli mmap images/2048x2048        0    49256    59144    99700 
%CPU %MEM ARGS Sun Oct  4 18:24:15 UTC 2026
 0.0  0.0 grep --color=auto ./cli       1  2344
16.7  1.2 ./cli mmap images/2048x2048   1 99700
17.7  1.2 ./cli mmap images/2048x2048   1 99720
17.7  1.2 ./cli mmap images/2048x2048   0 99700
17.9  1.2 ./cli mmap images/2048x2048   1 99716
19.5  1.2 ./cli mmap images/2048x2048   0 99672
  PID User     Command                         Swap      USS      PSS      RSS 
 6761 codespace /usr/bin/python3 /usr/bin/s        0    12108    12365    14592 
 6160 codespace ./cli mmap images/2048x2048        0    49252    59135    99672 
 6166 codespace ./cli mmap images/2048x2048        0    49252    59138    99700 
 6168 codespace ./cli mmap images/2048x2048        0    49252    59140    99716 
 6158 codespace ./cli mmap images/2048x2048        0    49256    59144    99720 
 6163 codespace ./cli mmap images/2048x2048        0    49256    59144    99700 
%CPU %MEM ARGS Sun Oct  4 18:24:15 UTC 2026
 0.0  0.0 grep --color=auto ./cli       1  2156
16.8  1.2 ./cli mmap images/2048x2048   0 99700
17.6  1.2 ./cli mmap images/2048x2048   1 99720
17.7  1.2 ./cli mmap images/2048x2048   1 99700
17.8  1.2 ./cli mmap images/2048x2048   1 99716
19.4  1.2 ./cli mmap images/2048x2048   1 99672
  PID User     Command                         Swap      USS      PSS      RSS 
 6770 codespace /usr/bin/python3 /usr/bin/s        0    12096    12359    14592 
 6160 codespace ./cli mmap images/2048x2048        0    49252    59135    99672 
 6166 codespace ./cli mmap images/2048x2048        0    49252    59138    99700 
 6168 codespace ./cli mmap images/2048x2048        0    49252    59139    99716 
 6158 codespace ./cli mmap images/2048x2048        0    49256    59143    99720 
 6163 codespace ./cli mmap images/2048x2048        0    49256    59143    99700 
%CPU %MEM ARGS Sun Oct  4 18:24:16 UTC 2026
 0.0  0.0 grep --color=auto ./cli       0  2304
16.9  1.2 ./cli mmap images/2048x2048   1 99700
17.6  1.2 ./cli mmap images/2048x2048   1 99720
17.7  1.2 ./cli mmap images/2048x2048   0 99700
17.8  1.2 ./cli mmap images/2048x2048   0 99716
19.4  1.2 ./cli mmap images/2048x2048   1 99672
  PID User     Command                         Swap      USS      PSS      RSS 
 6776 codespace /usr/bin/python3 /usr/bin/s        0    12060    12313    14508 
 6160 codespace ./cli mmap images/2048x2048        0    49252    59136    99672 
 6166 codespace ./cli mmap images/2048x2048        0    49252    59138    99700 
 6168 codespace ./cli mmap images/2048x2048        0    49252    59140    99716 
 6158 codespace ./cli mmap images/2048x2048        0    49256    59143    99720 
 6163 codespace ./cli mmap images/2048x2048        0    49256    59143    99700 
%CPU %MEM ARGS Sun Oct  4 18:24:17 UTC 2026
 0.0  0.0 grep --color=auto ./cli       0  2296
16.9  1.2 ./cli mmap images/2048x2048   1 99700
17.6  1.2 ./cli mmap images/2048x2048   1 99720
17.7  1.2 ./cli mmap images/2048x2048   1 99700
17.9  1.2 ./cli mmap images/2048x2048   0 99716
19.3  1.2 ./cli mmap images/2048x2048   1 99672
  PID User     Command                         Swap      USS      PSS      RSS 
 6782 codespace /usr/bin/python3 /usr/bin/s        0    12076    12325    14476 
 6160 codespace ./cli mmap images/2048x2048        0    49252    59135    99672 
 6166 codespace ./cli mmap images/2048x2048        0    49252    59138    99700 
 6168 codespace ./cli mmap images/2048x2048        0    49252    59139    99716 
 6158 codespace ./cli mmap images/2048x2048        0    49256    59143    99720 
 6163 codespace ./cli mmap images/2048x2048        0    49256    59143    99700 
%CPU %MEM ARGS Sun Oct  4 18:24:18 UTC 2026
 0.0  0.0 grep --color=auto ./cli       0  2172
16.8  1.2 ./cli mmap images/2048x2048   1 99700
17.6  1.2 ./cli mmap images/2048x2048   1 99720
17.7  1.2 ./cli mmap images/2048x2048   1 99700
18.0  1.2 ./cli mmap images/2048x2048   0 99716
19.3  1.2 ./cli mmap images/2048x2048   1 99672
  PID User     Command                         Swap      USS      PSS      RSS 
 6788 codespace /usr/bin/python3 /usr/bin/s        0    12064    12325    14528 
 6160 codespace ./cli mmap images/2048x2048        0    49252    59135    99672 
 6166 codespace ./cli mmap images/2048x2048        0    49252    59138    99700 
 6168 codespace ./cli mmap images/2048x2048        0    49252    59139    99716 
 6158 codespace ./cli mmap images/2048x2048        0    49256    59143    99720 
 6163 codespace ./cli mmap images/2048x2048        0    49256    59144    99700 
%CPU %MEM ARGS Sun Oct  4 18:24:19 UTC 2026
 0.0  0.0 grep --color=auto ./cli       0  2172
16.8  1.2 ./cli mmap images/2048x2048   0 99700
17.6  1.2 ./cli mmap images/2048x2048   1 99720
17.6  1.2 ./cli mmap images/2048x2048   0 99700
18.0  1.2 ./cli mmap images/2048x2048   0 99716
19.2  1.2 ./cli mmap images/2048x2048   0 99672
  PID User     Command                         Swap      USS      PSS      RSS 
 6799 codespace /usr/bin/python3 /usr/bin/s        0    12076    12332    14568 
 6160 codespace ./cli mmap images/2048x2048        0    49252    59135    99672 
 6166 codespace ./cli mmap images/2048x2048        0    49252    59138    99700 
 6168 codespace ./cli mmap images/2048x2048        0    49252    59139    99716 
 6158 codespace ./cli mmap images/2048x2048        0    49256    59143    99720 
 6163 codespace ./cli mmap images/2048x2048        0    49256    59143    99700 
%CPU %MEM ARGS Sun Oct  4 18:24:20 UTC 2026
 0.0  0.0 grep --color=auto ./cli       0  2176
16.9  1.2 ./cli mmap images/2048x2048   0 99700
17.6  1.2 ./cli mmap images/2048x2048   0 99720
17.6  1.2 ./cli mmap images/2048x2048   1 99700
18.0  1.2 ./cli mmap images/2048x2048   1 99716
19.2  1.2 ./cli mmap images/2048x2048   0 99672
  PID User     Command                         Swap      USS      PSS      RSS 
 6811 codespace /usr/bin/python3 /usr/bin/s        0    12088    12336    14540 
 6160 codespace ./cli mmap images/2048x2048        0    49252    59135    99672 
 6166 codespace ./cli mmap images/2048x2048        0    49252    59138    99700 
 6168 codespace ./cli mmap images/2048x2048        0    49252    59139    99716 
 6158 codespace ./cli mmap images/2048x2048        0    49256    59143    99720 
 6163 codespace ./cli mmap images/2048x2048        0    49256    59143    99700 
%CPU %MEM ARGS Sun Oct  4 18:24:20 UTC 2026
 0.0  0.0 grep --color=auto ./cli       0  2156
16.9  1.2 ./cli mmap images/2048x2048   0 99700
17.6  1.2 ./cli mmap images/2048x2048   1 99720
17.6  1.2 ./cli mmap images/2048x2048   0 99700
18.0  1.2 ./cli mmap images/2048x2048   1 99716
19.1  1.2 ./cli mmap images/2048x2048   1 99672
  PID User     Command                         Swap      USS      PSS      RSS 
 6817 codespace /usr/bin/python3 /usr/bin/s        0    12088    12329    14476 
 6160 codespace ./cli mmap images/2048x2048        0    49252    59135    99672 
 6166 codespace ./cli mmap images/2048x2048        0    49252    59138    99700 
 6168 codespace ./cli mmap images/2048x2048        0    49252    59139    99716 
 6158 codespace ./cli mmap images/2048x2048        0    49256    59143    99720 
 6163 codespace ./cli mmap images/2048x2048        0    49256    59143    99700 
%CPU %MEM ARGS Sun Oct  4 18:24:21 UTC 2026
 0.0  0.0 grep --color=auto ./cli       0  2160
17.0  1.2 ./cli mmap images/2048x2048   1 99700
17.5  1.2 ./cli mmap images/2048x2048   0 99720
17.6  1.2 ./cli mmap images/2048x2048   1 99700
18.0  1.2 ./cli mmap images/2048x2048   0 99716
19.1  1.2 ./cli mmap images/2048x2048   1 99672
  PID User     Command                         Swap      USS      PSS      RSS 
 6823 codespace /usr/bin/python3 /usr/bin/s        0    12112    12349    14588 
 6160 codespace ./cli mmap images/2048x2048        0    49252    59135    99672 
 6166 codespace ./cli mmap images/2048x2048        0    49252    59138    99700 
 6168 codespace ./cli mmap images/2048x2048        0    49252    59140    99716 
 6163 codespace ./cli mmap images/2048x2048        0    49256    59143    99700 
 6158 codespace ./cli mmap images/2048x2048        0    49256    59144    99720 
%CPU %MEM ARGS Sun Oct  4 18:24:22 UTC 2026
 0.0  0.0 grep --color=auto ./cli       0  2160
17.0  1.2 ./cli mmap images/2048x2048   1 99700
17.6  1.2 ./cli mmap images/2048x2048   0 99720
17.6  1.2 ./cli mmap images/2048x2048   1 99700
18.0  1.2 ./cli mmap images/2048x2048   1 99716
19.0  1.2 ./cli mmap images/2048x2048   1 99672
  PID User     Command                         Swap      USS      PSS      RSS 
 6829 codespace /usr/bin/python3 /usr/bin/s        0    12056    12309    14484 
 6160 codespace ./cli mmap images/2048x2048        0    49252    59135    99672 
 6166 codespace ./cli mmap images/2048x2048        0    49252    59138    99700 
 6168 codespace ./cli mmap images/2048x2048        0    49252    59139    99716 
 6158 codespace ./cli mmap images/2048x2048        0    49256    59143    99720 
 6163 codespace ./cli mmap images/2048x2048        0    49256    59143    99700 
%CPU %MEM ARGS Sun Oct  4 18:24:23 UTC 2026
 0.0  0.0 grep --color=auto ./cli       1  2176
17.0  1.2 ./cli mmap images/2048x2048   1 99700
17.6  1.2 ./cli mmap images/2048x2048   1 99700
17.6  1.2 ./cli mmap images/2048x2048   0 99720
17.9  1.2 ./cli mmap images/2048x2048   0 99716
19.0  1.2 ./cli mmap images/2048x2048   1 99672
  PID User     Command                         Swap      USS      PSS      RSS 
 6834 codespace /usr/bin/python3 /usr/bin/s        0    12084    12326    14476 
 6160 codespace ./cli mmap images/2048x2048        0    49252    59135    99672 
 6166 codespace ./cli mmap images/2048x2048        0    49252    59138    99700 
 6168 codespace ./cli mmap images/2048x2048        0    49252    59139    99716 
 6158 codespace ./cli mmap images/2048x2048        0    49256    59143    99720 
 6163 codespace ./cli mmap images/2048x2048        0    49256    59143    99700 
%CPU %MEM ARGS Sun Oct  4 18:24:24 UTC 2026
 0.0  0.0 grep --color=auto ./cli       1  2172
16.9  1.2 ./cli mmap images/2048x2048   1 99700
17.5  1.2 ./cli mmap images/2048x2048   1 99700
17.7  1.2 ./cli mmap images/2048x2048   1 99720
17.9  1.2 ./cli mmap images/2048x2048   1 99716
18.9  1.2 ./cli mmap images/2048x2048   1 99672
  PID User     Command                         Swap      USS      PSS      RSS 
 6846 codespace /usr/bin/python3 /usr/bin/s        0    12088    12325    14520 
 6160 codespace ./cli mmap images/2048x2048        0    49252    59135    99672 
 6166 codespace ./cli mmap images/2048x2048        0    49252    59138    99700 
 6168 codespace ./cli mmap images/2048x2048        0    49252    59140    99716 
 6163 codespace ./cli mmap images/2048x2048        0    49256    59143    99700 
 6158 codespace ./cli mmap images/2048x2048        0    49256    59144    99720 
%CPU %MEM ARGS Sun Oct  4 18:24:24 UTC 2026
 0.0  0.0 grep --color=auto ./cli       1  2252
16.9  1.2 ./cli mmap images/2048x2048   1 99700
17.5  1.2 ./cli mmap images/2048x2048   0 99700
17.7  1.2 ./cli mmap images/2048x2048   1 99720
17.9  1.2 ./cli mmap images/2048x2048   0 99716
18.9  1.2 ./cli mmap images/2048x2048   0 99672
  PID User     Command                         Swap      USS      PSS      RSS 
 6852 codespace /usr/bin/python3 /usr/bin/s        0    12080    12327    14476 
 6160 codespace ./cli mmap images/2048x2048        0    49252    59131    99672 
 6166 codespace ./cli mmap images/2048x2048        0    49252    59133    99700 
 6168 codespace ./cli mmap images/2048x2048        0    49252    59136    99716 
 6163 codespace ./cli mmap images/2048x2048        0    49256    59138    99700 
 6158 codespace ./cli mmap images/2048x2048        0    49256    59141    99720 
%CPU %MEM ARGS Sun Oct  4 18:24:25 UTC 2026
 0.0  0.0 grep --color=auto ./cli       1  2180
16.9  1.2 ./cli mmap images/2048x2048   1 99700
17.4  1.2 ./cli mmap images/2048x2048   1 99700
17.6  1.2 ./cli mmap images/2048x2048   0 99720
17.9  1.2 ./cli mmap images/2048x2048   1 99716
18.9  1.2 ./cli mmap images/2048x2048   1 99672
  PID User     Command                         Swap      USS      PSS      RSS 
 6882 codespace /usr/bin/python3 /usr/bin/s        0    12056    12312    14536 
 6160 codespace ./cli mmap images/2048x2048        0    49252    59135    99672 
 6166 codespace ./cli mmap images/2048x2048        0    49252    59138    99700 
 6168 codespace ./cli mmap images/2048x2048        0    49252    59139    99716 
 6158 codespace ./cli mmap images/2048x2048        0    49256    59143    99720 
 6163 codespace ./cli mmap images/2048x2048        0    49256    59143    99700 
%CPU %MEM ARGS Sun Oct  4 18:24:26 UTC 2026
 0.0  0.0 grep --color=auto ./cli       0  2208
16.9  1.2 ./cli mmap images/2048x2048   0 99700
17.4  1.2 ./cli mmap images/2048x2048   1 99700
17.7  1.2 ./cli mmap images/2048x2048   1 99720
17.8  1.2 ./cli mmap images/2048x2048   1 99716
18.8  1.2 ./cli mmap images/2048x2048   1 99672
  PID User     Command                         Swap      USS      PSS      RSS 
 6888 codespace /usr/bin/python3 /usr/bin/s        0    12044    12303    14508 
 6160 codespace ./cli mmap images/2048x2048        0    49252    59135    99672 
 6166 codespace ./cli mmap images/2048x2048        0    49252    59138    99700 
 6168 codespace ./cli mmap images/2048x2048        0    49252    59139    99716 
 6158 codespace ./cli mmap images/2048x2048        0    49256    59143    99720 
 6163 codespace ./cli mmap images/2048x2048        0    49256    59143    99700 
%CPU %MEM ARGS Sun Oct  4 18:24:26 UTC 2026
 0.0  0.0 grep --color=auto ./cli       1  2208
17.0  1.2 ./cli mmap images/2048x2048   1 99700
17.3  1.2 ./cli mmap images/2048x2048   0 99700
17.6  1.2 ./cli mmap images/2048x2048   0 99720
17.8  1.2 ./cli mmap images/2048x2048   0 99716
18.8  1.2 ./cli mmap images/2048x2048   0 99672
  PID User     Command                         Swap      USS      PSS      RSS 
 6894 codespace /usr/bin/python3 /usr/bin/s        0    12032    12288    14460 
 6160 codespace ./cli mmap images/2048x2048        0    49252    59136    99672 
 6166 codespace ./cli mmap images/2048x2048        0    49252    59138    99700 
 6168 codespace ./cli mmap images/2048x2048        0    49252    59139    99716 
 6158 codespace ./cli mmap images/2048x2048        0    49256    59143    99720 
 6163 codespace ./cli mmap images/2048x2048        0    49256    59143    99700 
%CPU %MEM ARGS Sun Oct  4 18:24:27 UTC 2026
 0.0  0.0 grep --color=auto ./cli       0  2156
17.1  1.2 ./cli mmap images/2048x2048   1 99700
17.3  1.2 ./cli mmap images/2048x2048   0 99700
17.6  1.2 ./cli mmap images/2048x2048   0 99720
17.8  1.2 ./cli mmap images/2048x2048   0 99716
18.8  1.2 ./cli mmap images/2048x2048   0 99672
  PID User     Command                         Swap      USS      PSS      RSS 
 6900 codespace /usr/bin/python3 /usr/bin/s        0    12060    12315    14524 
 6160 codespace ./cli mmap images/2048x2048        0    49252    59135    99672 
 6166 codespace ./cli mmap images/2048x2048        0    49252    59138    99700 
 6168 codespace ./cli mmap images/2048x2048        0    49252    59138    99716 
 6158 codespace ./cli mmap images/2048x2048        0    49256    59143    99720 
 6163 codespace ./cli mmap images/2048x2048        0    49256    59143    99700 
%CPU %MEM ARGS Sun Oct  4 18:24:28 UTC 2026
 0.0  0.0 grep --color=auto ./cli       0  2172
17.1  1.2 ./cli mmap images/2048x2048   1 99700
17.3  1.2 ./cli mmap images/2048x2048   0 99700
17.6  1.2 ./cli mmap images/2048x2048   0 99720
17.8  1.2 ./cli mmap images/2048x2048   0 99716
18.8  1.2 ./cli mmap images/2048x2048   0 99672
  PID User     Command                         Swap      USS      PSS      RSS 
 6912 codespace /usr/bin/python3 /usr/bin/s        0    12072    12319    14476 
 6160 codespace ./cli mmap images/2048x2048        0    49252    59135    99672 
 6166 codespace ./cli mmap images/2048x2048        0    49252    59137    99700 
 6168 codespace ./cli mmap images/2048x2048        0    49252    59139    99716 
 6158 codespace ./cli mmap images/2048x2048        0    49256    59143    99720 
 6163 codespace ./cli mmap images/2048x2048        0    49256    59144    99700 
%CPU %MEM ARGS Sun Oct  4 18:24:29 UTC 2026
 0.0  0.0 grep --color=auto ./cli       1  2160
17.0  1.2 ./cli mmap images/2048x2048   1 99700
17.3  1.2 ./cli mmap images/2048x2048   0 99700
17.6  1.2 ./cli mmap images/2048x2048   0 99720
17.7  1.2 ./cli mmap images/2048x2048   0 99716
18.7  1.2 ./cli mmap images/2048x2048   0 99672
  PID User     Command                         Swap      USS      PSS      RSS 
 6917 codespace /usr/bin/python3 /usr/bin/s        0    12124    12373    14592 
 6160 codespace ./cli mmap images/2048x2048        0    49252    59135    99672 
 6166 codespace ./cli mmap images/2048x2048        0    49252    59138    99700 
 6168 codespace ./cli mmap images/2048x2048        0    49252    59140    99716 
 6163 codespace ./cli mmap images/2048x2048        0    49256    59143    99700 
 6158 codespace ./cli mmap images/2048x2048        0    49256    59144    99720 
%CPU %MEM ARGS Sun Oct  4 18:24:30 UTC 2026
 0.0  0.0 grep --color=auto ./cli       0  2184
17.0  1.2 ./cli mmap images/2048x2048   0 99700
17.4  1.2 ./cli mmap images/2048x2048   1 99700
17.5  1.2 ./cli mmap images/2048x2048   0 99720
17.7  1.2 ./cli mmap images/2048x2048   0 99716
18.8  1.2 ./cli mmap images/2048x2048   1 99672
  PID User     Command                         Swap      USS      PSS      RSS 
 6923 codespace /usr/bin/python3 /usr/bin/s        0    12056    12283    14516 
 6160 codespace ./cli mmap images/2048x2048        0    49252    59133    99672 
 6166 codespace ./cli mmap images/2048x2048        0    49252    59136    99700 
 6168 codespace ./cli mmap images/2048x2048        0    49252    59137    99716 
 6158 codespace ./cli mmap images/2048x2048        0    49256    59141    99720 
 6163 codespace ./cli mmap images/2048x2048        0    49256    59141    99700 
%CPU %MEM ARGS Sun Oct  4 18:24:30 UTC 2026
 0.0  0.0 grep --color=auto ./cli       1  2252
17.0  1.2 ./cli mmap images/2048x2048   0 99700
17.3  1.2 ./cli mmap images/2048x2048   1 99700
17.5  1.2 ./cli mmap images/2048x2048   1 99720
17.7  1.2 ./cli mmap images/2048x2048   1 99716
18.7  1.2 ./cli mmap images/2048x2048   0 99672
  PID User     Command                         Swap      USS      PSS      RSS 
 6935 codespace /usr/bin/python3 /usr/bin/s        0    12032    12292    14460 
 6160 codespace ./cli mmap images/2048x2048        0    49252    59136    99672 
 6166 codespace ./cli mmap images/2048x2048        0    49252    59138    99700 
 6168 codespace ./cli mmap images/2048x2048        0    49252    59139    99716 
 6158 codespace ./cli mmap images/2048x2048        0    49256    59143    99720 
 6163 codespace ./cli mmap images/2048x2048        0    49256    59143    99700 
%CPU %MEM ARGS Sun Oct  4 18:24:31 UTC 2026
 0.0  0.0 grep --color=auto ./cli       1  2172
17.0  1.2 ./cli mmap images/2048x2048   0 99700
17.3  1.2 ./cli mmap images/2048x2048   1 99700
17.5  1.2 ./cli mmap images/2048x2048   1 99720
17.7  1.2 ./cli mmap images/2048x2048   0 99716
18.7  1.2 ./cli mmap images/2048x2048   0 99672
  PID User     Command                         Swap      USS      PSS      RSS 
 6941 codespace /usr/bin/python3 /usr/bin/s        0    12104    12379    14624 
 6160 codespace ./cli mmap images/2048x2048        0    49252    59135    99672 
 6166 codespace ./cli mmap images/2048x2048        0    49252    59138    99700 
 6168 codespace ./cli mmap images/2048x2048        0    49252    59140    99716 
 6163 codespace ./cli mmap images/2048x2048        0    49256    59143    99700 
 6158 codespace ./cli mmap images/2048x2048        0    49256    59144    99720 
%CPU %MEM ARGS Sun Oct  4 18:24:32 UTC 2026
 0.0  0.0 grep --color=auto ./cli       0  2180
17.1  1.2 ./cli mmap images/2048x2048   1 99700
17.3  1.2 ./cli mmap images/2048x2048   0 99700
17.5  1.2 ./cli mmap images/2048x2048   0 99720
17.7  1.2 ./cli mmap images/2048x2048   1 99716
18.7  1.2 ./cli mmap images/2048x2048   0 99672
  PID User     Command                         Swap      USS      PSS      RSS 
 6950 codespace /usr/bin/python3 /usr/bin/s        0    12068    12323    14540 
 6160 codespace ./cli mmap images/2048x2048        0    49252    59135    99672 
 6166 codespace ./cli mmap images/2048x2048        0    49252    59138    99700 
 6168 codespace ./cli mmap images/2048x2048        0    49252    59139    99716 
 6158 codespace ./cli mmap images/2048x2048        0    49256    59143    99720 
 6163 codespace ./cli mmap images/2048x2048        0    49256    59143    99700 
%CPU %MEM ARGS Sun Oct  4 18:24:33 UTC 2026
 0.0  0.0 grep --color=auto ./cli       0  2340
17.0  1.2 ./cli mmap images/2048x2048   0 99700
17.3  1.2 ./cli mmap images/2048x2048   1 99700
17.5  1.2 ./cli mmap images/2048x2048   1 99720
17.9  1.2 ./cli mmap images/2048x2048   1 99716
18.6  1.2 ./cli mmap images/2048x2048   0 99672
  PID User     Command                         Swap      USS      PSS      RSS 
 6959 codespace /usr/bin/python3 /usr/bin/s        0    12056    12315    14516 
 6160 codespace ./cli mmap images/2048x2048        0    49252    59135    99672 
 6166 codespace ./cli mmap images/2048x2048        0    49252    59138    99700 
 6168 codespace ./cli mmap images/2048x2048        0    49252    59139    99716 
 6158 codespace ./cli mmap images/2048x2048        0    49256    59143    99720 
 6163 codespace ./cli mmap images/2048x2048        0    49256    59144    99700 
%CPU %MEM ARGS Sun Oct  4 18:24:34 UTC 2026
 0.0  0.0 grep --color=auto ./cli       0  2204
17.0  1.2 ./cli mmap images/2048x2048   0 99700
17.3  1.2 ./cli mmap images/2048x2048   1 99700
17.5  1.2 ./cli mmap images/2048x2048   0 99720
17.9  1.2 ./cli mmap images/2048x2048   1 99716
18.6  1.2 ./cli mmap images/2048x2048   0 99672
  PID User     Command                         Swap      USS      PSS      RSS 
 6964 codespace /usr/bin/python3 /usr/bin/s        0    12064    12318    14544 
 6160 codespace ./cli mmap images/2048x2048        0    49252    59135    99672 
 6166 codespace ./cli mmap images/2048x2048        0    49252    59137    99700 
 6168 codespace ./cli mmap images/2048x2048        0    49252    59139    99716 
 6158 codespace ./cli mmap images/2048x2048        0    49256    59143    99720 
 6163 codespace ./cli mmap images/2048x2048        0    49256    59144    99700 
%CPU %MEM ARGS Sun Oct  4 18:24:35 UTC 2026
 0.0  0.0 grep --color=auto ./cli       0  2160
17.0  1.2 ./cli mmap images/2048x2048   0 99700
17.3  1.2 ./cli mmap images/2048x2048   0 99700
17.6  1.2 ./cli mmap images/2048x2048   0 99720
17.9  1.2 ./cli mmap images/2048x2048   0 99716
18.5  1.2 ./cli mmap images/2048x2048   1 99672
  PID User     Command                         Swap      USS      PSS      RSS 
 6976 codespace /usr/bin/python3 /usr/bin/s        0    12064    12308    14508 
 6160 codespace ./cli mmap images/2048x2048        0    49252    59135    99672 
 6166 codespace ./cli mmap images/2048x2048        0    49252    59138    99700 
 6168 codespace ./cli mmap images/2048x2048        0    49252    59139    99716 
 6158 codespace ./cli mmap images/2048x2048        0    49256    59143    99720 
 6163 codespace ./cli mmap images/2048x2048        0    49256    59143    99700 
%CPU %MEM ARGS Sun Oct  4 18:24:36 UTC 2026
 0.0  0.0 grep --color=auto ./cli       1  2300
17.0  1.2 ./cli mmap images/2048x2048   1 99700
17.3  1.2 ./cli mmap images/2048x2048   1 99700
17.5  1.2 ./cli mmap images/2048x2048   1 99720
17.8  1.2 ./cli mmap images/2048x2048   1 99716
18.5  1.2 ./cli mmap images/2048x2048   1 99672
  PID User     Command                         Swap      USS      PSS      RSS 
 7000 codespace /usr/bin/python3 /usr/bin/s        0    12088    12327    14536 
 6160 codespace ./cli mmap images/2048x2048        0    49252    59135    99672 
 6166 codespace ./cli mmap images/2048x2048        0    49252    59138    99700 
 6168 codespace ./cli mmap images/2048x2048        0    49252    59140    99716 
 6163 codespace ./cli mmap images/2048x2048        0    49256    59143    99700 
 6158 codespace ./cli mmap images/2048x2048        0    49256    59144    99720 
%CPU %MEM ARGS Sun Oct  4 18:24:37 UTC 2026
 0.0  0.0 grep --color=auto ./cli       1  2196
16.9  1.2 ./cli mmap images/2048x2048   1 99700
17.2  1.2 ./cli mmap images/2048x2048   1 99700
17.5  1.2 ./cli mmap images/2048x2048   1 99720
17.8  1.2 ./cli mmap images/2048x2048   0 99716
18.5  1.2 ./cli mmap images/2048x2048   1 99672
  PID User     Command                         Swap      USS      PSS      RSS 
 7010 codespace /usr/bin/python3 /usr/bin/s        0    12112    12348    14588 
 6160 codespace ./cli mmap images/2048x2048        0    49252    59135    99672 
 6166 codespace ./cli mmap images/2048x2048        0    49252    59138    99700 
 6168 codespace ./cli mmap images/2048x2048        0    49252    59140    99716 
 6158 codespace ./cli mmap images/2048x2048        0    49256    59144    99720 
 6163 codespace ./cli mmap images/2048x2048        0    49256    59144    99700 
%CPU %MEM ARGS Sun Oct  4 18:24:37 UTC 2026
 0.0  0.0 grep --color=auto ./cli       0  2176
16.9  1.2 ./cli mmap images/2048x2048   1 99700
17.2  1.2 ./cli mmap images/2048x2048   1 99700
17.5  1.2 ./cli mmap images/2048x2048   1 99720
18.0  1.2 ./cli mmap images/2048x2048   0 99716
18.4  1.2 ./cli mmap images/2048x2048   1 99672
  PID User     Command                         Swap      USS      PSS      RSS 
 7018 codespace /usr/bin/python3 /usr/bin/s        0    12096    12315    14460 
 6160 codespace ./cli mmap images/2048x2048        0    49252    59135    99672 
 6166 codespace ./cli mmap images/2048x2048        0    49252    59138    99700 
 6168 codespace ./cli mmap images/2048x2048        0    49252    59140    99716 
 6163 codespace ./cli mmap images/2048x2048        0    49256    59143    99700 
 6158 codespace ./cli mmap images/2048x2048        0    49256    59144    99720 
%CPU %MEM ARGS Sun Oct  4 18:24:38 UTC 2026
 0.0  0.0 grep --color=auto ./cli       0  2248
16.9  1.2 ./cli mmap images/2048x2048   1 99700
17.2  1.2 ./cli mmap images/2048x2048   1 99700
17.5  1.2 ./cli mmap images/2048x2048   1 99720
18.2  1.2 ./cli mmap images/2048x2048   0 99716
18.4  1.2 ./cli mmap images/2048x2048   1 99672
  PID User     Command                         Swap      USS      PSS      RSS 
 7024 codespace /usr/bin/python3 /usr/bin/s        0    12100    12361    14592 
 6160 codespace ./cli mmap images/2048x2048        0    49252    59135    99672 
 6166 codespace ./cli mmap images/2048x2048        0    49252    59138    99700 
 6168 codespace ./cli mmap images/2048x2048        0    49252    59140    99716 
 6158 codespace ./cli mmap images/2048x2048        0    49256    59144    99720 
 6163 codespace ./cli mmap images/2048x2048        0    49256    59144    99700 
%CPU %MEM ARGS Sun Oct  4 18:24:39 UTC 2026
 0.0  0.0 grep --color=auto ./cli       0  2164
16.9  1.2 ./cli mmap images/2048x2048   0 99700
17.2  1.2 ./cli mmap images/2048x2048   1 99700
17.4  1.2 ./cli mmap images/2048x2048   1 99720
18.2  1.2 ./cli mmap images/2048x2048   0 99716
18.4  1.2 ./cli mmap images/2048x2048   0 99672
  PID User     Command                         Swap      USS      PSS      RSS 
 7030 codespace /usr/bin/python3 /usr/bin/s        0    12080    12325    14476 
 6160 codespace ./cli mmap images/2048x2048        0    49252    59135    99672 
 6166 codespace ./cli mmap images/2048x2048        0    49252    59138    99700 
 6168 codespace ./cli mmap images/2048x2048        0    49252    59139    99716 
 6158 codespace ./cli mmap images/2048x2048        0    49256    59143    99720 
 6163 codespace ./cli mmap images/2048x2048        0    49256    59144    99700 
%CPU %MEM ARGS Sun Oct  4 18:24:40 UTC 2026
 0.0  0.0 grep --color=auto ./cli       1  2288
16.9  1.2 ./cli mmap images/2048x2048   0 99700
17.3  1.2 ./cli mmap images/2048x2048   0 99700
17.5  1.2 ./cli mmap images/2048x2048   1 99720
18.2  1.2 ./cli mmap images/2048x2048   0 99716
18.3  1.2 ./cli mmap images/2048x2048   0 99672
  PID User     Command                         Swap      USS      PSS      RSS 
 7035 codespace /usr/bin/python3 /usr/bin/s        0    12084    12314    14504 
 6160 codespace ./cli mmap images/2048x2048        0    49252    59135    99672 
 6166 codespace ./cli mmap images/2048x2048        0    49252    59138    99700 
 6168 codespace ./cli mmap images/2048x2048        0    49252    59139    99716 
 6158 codespace ./cli mmap images/2048x2048        0    49256    59143    99720 
 6163 codespace ./cli mmap images/2048x2048        0    49256    59143    99700 
%CPU %MEM ARGS Sun Oct  4 18:24:41 UTC 2026
 0.0  0.0 grep --color=auto ./cli       1  2168
16.9  1.2 ./cli mmap images/2048x2048   0 99700
17.2  1.2 ./cli mmap images/2048x2048   0 99700
17.7  1.2 ./cli mmap images/2048x2048   0 99720
18.1  1.2 ./cli mmap images/2048x2048   0 99716
18.3  1.2 ./cli mmap images/2048x2048   0 99672
  PID User     Command                         Swap      USS      PSS      RSS 
 7041 codespace /usr/bin/python3 /usr/bin/s        0    12084    12330    14480 
 6160 codespace ./cli mmap images/2048x2048        0    49252    59135    99672 
 6166 codespace ./cli mmap images/2048x2048        0    49252    59138    99700 
 6168 codespace ./cli mmap images/2048x2048        0    49252    59139    99716 
 6158 codespace ./cli mmap images/2048x2048        0    49256    59143    99720 
 6163 codespace ./cli mmap images/2048x2048        0    49256    59144    99700 
%CPU %MEM ARGS Sun Oct  4 18:24:41 UTC 2026
 0.0  0.0 grep --color=auto ./cli       0  2252
16.8  1.2 ./cli mmap images/2048x2048   0 99700
17.2  1.2 ./cli mmap images/2048x2048   0 99700
17.7  1.2 ./cli mmap images/2048x2048   0 99720
18.1  1.2 ./cli mmap images/2048x2048   0 99716
18.3  1.2 ./cli mmap images/2048x2048   1 99672
  PID User     Command                         Swap      USS      PSS      RSS 
 7059 codespace /usr/bin/python3 /usr/bin/s        0    12060    12315    14520 
 6160 codespace ./cli mmap images/2048x2048        0    49252    59135    99672 
 6166 codespace ./cli mmap images/2048x2048        0    49252    59138    99700 
 6168 codespace ./cli mmap images/2048x2048        0    49252    59140    99716 
 6158 codespace ./cli mmap images/2048x2048        0    49256    59144    99720 
 6163 codespace ./cli mmap images/2048x2048        0    49256    59144    99700 
%CPU %MEM ARGS Sun Oct  4 18:24:42 UTC 2026
 0.0  0.0 grep --color=auto ./cli       1  2248
16.9  1.2 ./cli mmap images/2048x2048   1 99700
17.2  1.2 ./cli mmap images/2048x2048   1 99700
17.7  1.2 ./cli mmap images/2048x2048   1 99720
18.1  1.2 ./cli mmap images/2048x2048   1 99716
18.2  1.2 ./cli mmap images/2048x2048   0 99672
  PID User     Command                         Swap      USS      PSS      RSS 
 7065 codespace /usr/bin/python3 /usr/bin/s        0    12060    12320    14560 
 6160 codespace ./cli mmap images/2048x2048        0    49252    59135    99672 
 6166 codespace ./cli mmap images/2048x2048        0    49252    59138    99700 
 6168 codespace ./cli mmap images/2048x2048        0    49252    59139    99716 
 6158 codespace ./cli mmap images/2048x2048        0    49256    59143    99720 
 6163 codespace ./cli mmap images/2048x2048        0    49256    59143    99700 
%CPU %MEM ARGS Sun Oct  4 18:24:43 UTC 2026
 0.0  0.0 grep --color=auto ./cli       1  2292
16.9  1.2 ./cli mmap images/2048x2048   0 99700
17.2  1.2 ./cli mmap images/2048x2048   1 99700
17.6  1.2 ./cli mmap images/2048x2048   1 99720
18.1  1.2 ./cli mmap images/2048x2048   1 99716
18.4  1.2 ./cli mmap images/2048x2048   0 99672
  PID User     Command                         Swap      USS      PSS      RSS 
 7070 codespace /usr/bin/python3 /usr/bin/s        0    12128    12378    14596 
 6160 codespace ./cli mmap images/2048x2048        0    49252    59135    99672 
 6166 codespace ./cli mmap images/2048x2048        0    49252    59138    99700 
 6168 codespace ./cli mmap images/2048x2048        0    49252    59140    99716 
 6163 codespace ./cli mmap images/2048x2048        0    49256    59143    99700 
 6158 codespace ./cli mmap images/2048x2048        0    49256    59144    99720 
%CPU %MEM ARGS Sun Oct  4 18:24:44 UTC 2026
 0.0  0.0 grep --color=auto ./cli       1  2172
17.0  1.2 ./cli mmap images/2048x2048   1 99700
17.2  1.2 ./cli mmap images/2048x2048   0 99700
17.6  1.2 ./cli mmap images/2048x2048   0 99720
18.0  1.2 ./cli mmap images/2048x2048   0 99716
18.4  1.2 ./cli mmap images/2048x2048   0 99672
  PID User     Command                         Swap      USS      PSS      RSS 
 7076 codespace /usr/bin/python3 /usr/bin/s        0    12096    12344    14620 
 6160 codespace ./cli mmap images/2048x2048        0    49252    59135    99672 
 6166 codespace ./cli mmap images/2048x2048        0    49252    59138    99700 
 6168 codespace ./cli mmap images/2048x2048        0    49252    59140    99716 
 6158 codespace ./cli mmap images/2048x2048        0    49256    59144    99720 
 6163 codespace ./cli mmap images/2048x2048        0    49256    59144    99700 
%CPU %MEM ARGS Sun Oct  4 18:24:45 UTC 2026
 0.0  0.0 grep --color=auto ./cli       1  2252
17.2  1.2 ./cli mmap images/2048x2048   1 99700
17.2  1.2 ./cli mmap images/2048x2048   0 99700
17.6  1.2 ./cli mmap images/2048x2048   0 99720
18.0  1.2 ./cli mmap images/2048x2048   0 99716
18.4  1.2 ./cli mmap images/2048x2048   0 99672
  PID User     Command                         Swap      USS      PSS      RSS 
 7082 codespace /usr/bin/python3 /usr/bin/s        0    12060    12308    14488 
 6160 codespace ./cli mmap images/2048x2048        0    49252    59135    99672 
 6166 codespace ./cli mmap images/2048x2048        0    49252    59137    99700 
 6168 codespace ./cli mmap images/2048x2048        0    49252    59139    99716 
 6158 codespace ./cli mmap images/2048x2048        0    49256    59143    99720 
 6163 codespace ./cli mmap images/2048x2048        0    49256    59143    99700 
%CPU %MEM ARGS Sun Oct  4 18:24:46 UTC 2026
 0.0  0.0 grep --color=auto ./cli       1  2172
17.1  1.2 ./cli mmap images/2048x2048   0 99700
17.1  1.2 ./cli mmap images/2048x2048   0 99700
17.5  1.2 ./cli mmap images/2048x2048   0 99720
18.0  1.2 ./cli mmap images/2048x2048   1 99716
18.3  1.2 ./cli mmap images/2048x2048   0 99672
  PID User     Command                         Swap      USS      PSS      RSS 
 7106 codespace /usr/bin/python3 /usr/bin/s        0    12084    12315    14508 
 6160 codespace ./cli mmap images/2048x2048        0    49252    59135    99672 
 6166 codespace ./cli mmap images/2048x2048        0    49252    59138    99700 
 6168 codespace ./cli mmap images/2048x2048        0    49252    59139    99716 
 6158 codespace ./cli mmap images/2048x2048        0    49256    59143    99720 
 6163 codespace ./cli mmap images/2048x2048        0    49256    59143    99700 
%CPU %MEM ARGS Sun Oct  4 18:24:46 UTC 2026
 0.0  0.0 grep --color=auto ./cli       0  2208
17.1  1.2 ./cli mmap images/2048x2048   0 99700
17.1  1.2 ./cli mmap images/2048x2048   0 99700
17.5  1.2 ./cli mmap images/2048x2048   0 99720
18.0  1.2 ./cli mmap images/2048x2048   0 99716
18.3  1.2 ./cli mmap images/2048x2048   0 99672
  PID User     Command                         Swap      USS      PSS      RSS 
 7118 codespace /usr/bin/python3 /usr/bin/s        0    12080    12286    14432 
 6160 codespace ./cli mmap images/2048x2048        0    49252    59135    99672 
 6168 codespace ./cli mmap images/2048x2048        0    49252    59137    99716 
 6166 codespace ./cli mmap images/2048x2048        0    49252    59138    99700 
 6158 codespace ./cli mmap images/2048x2048        0    49256    59143    99720 
 6163 codespace ./cli mmap images/2048x2048        0    49256    59144    99700 
%CPU %MEM ARGS Sun Oct  4 18:24:47 UTC 2026
 0.0  0.0 grep --color=auto ./cli       1  2152
17.1  1.2 ./cli mmap images/2048x2048   0 99700
17.2  1.2 ./cli mmap images/2048x2048   1 99700
17.5  1.2 ./cli mmap images/2048x2048   1 99720
17.9  1.2 ./cli mmap images/2048x2048   1 99716
18.3  1.2 ./cli mmap images/2048x2048   1 99672
  PID User     Command                         Swap      USS      PSS      RSS 
 7130 codespace /usr/bin/python3 /usr/bin/s        0    12104    12345    14568 
 6160 codespace ./cli mmap images/2048x2048        0    49252    59135    99672 
 6166 codespace ./cli mmap images/2048x2048        0    49252    59138    99700 
 6168 codespace ./cli mmap images/2048x2048        0    49252    59140    99716 
 6163 codespace ./cli mmap images/2048x2048        0    49256    59143    99700 
 6158 codespace ./cli mmap images/2048x2048        0    49256    59144    99720 
%CPU %MEM ARGS Sun Oct  4 18:24:48 UTC 2026
 0.0  0.0 grep --color=auto ./cli       1  2204
17.1  1.2 ./cli mmap images/2048x2048   1 99700
17.2  1.2 ./cli mmap images/2048x2048   1 99700
17.5  1.2 ./cli mmap images/2048x2048   1 99720
18.0  1.2 ./cli mmap images/2048x2048   0 99716
18.2  1.2 ./cli mmap images/2048x2048   1 99672
  PID User     Command                         Swap      USS      PSS      RSS 
 7136 codespace /usr/bin/python3 /usr/bin/s        0    12064    12326    14528 
 6160 codespace ./cli mmap images/2048x2048        0    49252    59135    99672 
 6166 codespace ./cli mmap images/2048x2048        0    49252    59138    99700 
 6168 codespace ./cli mmap images/2048x2048        0    49252    59140    99716 
 6163 codespace ./cli mmap images/2048x2048        0    49256    59143    99700 
 6158 codespace ./cli mmap images/2048x2048        0    49256    59144    99720 
%CPU %MEM ARGS Sun Oct  4 18:24:49 UTC 2026
 0.0  0.0 grep --color=auto ./cli       0  2156
17.1  1.2 ./cli mmap images/2048x2048   1 99700
17.2  1.2 ./cli mmap images/2048x2048   0 99700
17.5  1.2 ./cli mmap images/2048x2048   0 99720
18.1  1.2 ./cli mmap images/2048x2048   0 99716
18.2  1.2 ./cli mmap images/2048x2048   0 99672
  PID User     Command                         Swap      USS      PSS      RSS 
 7141 codespace /usr/bin/python3 /usr/bin/s        0    12068    12318    14540 
 6160 codespace ./cli mmap images/2048x2048        0    49252    59135    99672 
 6166 codespace ./cli mmap images/2048x2048        0    49252    59138    99700 
 6168 codespace ./cli mmap images/2048x2048        0    49252    59139    99716 
 6158 codespace ./cli mmap images/2048x2048        0    49256    59143    99720 
 6163 codespace ./cli mmap images/2048x2048        0    49256    59144    99700 
%CPU %MEM ARGS Sun Oct  4 18:24:50 UTC 2026
 0.0  0.0 grep --color=auto ./cli       1  2192
17.2  1.2 ./cli mmap images/2048x2048   0 99700
17.2  1.2 ./cli mmap images/2048x2048   0 99700
17.4  1.2 ./cli mmap images/2048x2048   0 99720
18.0  1.2 ./cli mmap images/2048x2048   0 99716
18.2  1.2 ./cli mmap images/2048x2048   0 99672
  PID User     Command                         Swap      USS      PSS      RSS 
 7147 codespace /usr/bin/python3 /usr/bin/s        0    12064    12315    14540 
 6160 codespace ./cli mmap images/2048x2048        0    49252    59135    99672 
 6166 codespace ./cli mmap images/2048x2048        0    49252    59138    99700 
 6168 codespace ./cli mmap images/2048x2048        0    49252    59140    99716 
 6158 codespace ./cli mmap images/2048x2048        0    49256    59144    99720 
 6163 codespace ./cli mmap images/2048x2048        0    49256    59144    99700 
%CPU %MEM ARGS Sun Oct  4 18:24:50 UTC 2026
 0.0  0.0 grep --color=auto ./cli       0  2248
17.2  1.2 ./cli mmap images/2048x2048   0 99700
17.2  1.2 ./cli mmap images/2048x2048   0 99700
17.4  1.2 ./cli mmap images/2048x2048   0 99720
18.0  1.2 ./cli mmap images/2048x2048   0 99716
18.1  1.2 ./cli mmap images/2048x2048   0 99672
  PID User     Command                         Swap      USS      PSS      RSS 
 7159 codespace /usr/bin/python3 /usr/bin/s        0    12064    12332    14588 
 6160 codespace ./cli mmap images/2048x2048        0    49252    59135    99672 
 6166 codespace ./cli mmap images/2048x2048        0    49252    59138    99700 
 6168 codespace ./cli mmap images/2048x2048        0    49252    59140    99716 
 6163 codespace ./cli mmap images/2048x2048        0    49256    59143    99700 
 6158 codespace ./cli mmap images/2048x2048        0    49256    59144    99720 
%CPU %MEM ARGS Sun Oct  4 18:24:51 UTC 2026
 0.0  0.0 grep --color=auto ./cli       0  2340
17.2  1.2 ./cli mmap images/2048x2048   1 99700
17.2  1.2 ./cli mmap images/2048x2048   0 99700
17.4  1.2 ./cli mmap images/2048x2048   0 99720
18.0  1.2 ./cli mmap images/2048x2048   0 99716
18.1  1.2 ./cli mmap images/2048x2048   1 99672
  PID User     Command                         Swap      USS      PSS      RSS 
 7164 codespace /usr/bin/python3 /usr/bin/s        0    12088    12328    14540 
 6160 codespace ./cli mmap images/2048x2048        0    49252    59135    99672 
 6166 codespace ./cli mmap images/2048x2048        0    49252    59138    99700 
 6168 codespace ./cli mmap images/2048x2048        0    49252    59139    99716 
 6158 codespace ./cli mmap images/2048x2048        0    49256    59143    99720 
 6163 codespace ./cli mmap images/2048x2048        0    49256    59143    99700 
%CPU %MEM ARGS Sun Oct  4 18:24:52 UTC 2026
 0.0  0.0 grep --color=auto ./cli       1  2168
17.2  1.2 ./cli mmap images/2048x2048   1 99700
17.2  1.2 ./cli mmap images/2048x2048   1 99700
17.4  1.2 ./cli mmap images/2048x2048   0 99720
18.0  1.2 ./cli mmap images/2048x2048   0 99716
18.1  1.2 ./cli mmap images/2048x2048   0 99672
  PID User     Command                         Swap      USS      PSS      RSS 
 7170 codespace /usr/bin/python3 /usr/bin/s        0    12060    12315    14524 
 6160 codespace ./cli mmap images/2048x2048        0    49252    59135    99672 
 6166 codespace ./cli mmap images/2048x2048        0    49252    59138    99700 
 6168 codespace ./cli mmap images/2048x2048        0    49252    59140    99716 
 6158 codespace ./cli mmap images/2048x2048        0    49256    59144    99720 
 6163 codespace ./cli mmap images/2048x2048        0    49256    59144    99700 
%CPU %MEM ARGS Sun Oct  4 18:24:53 UTC 2026
 0.0  0.0 grep --color=auto ./cli       1  2172
17.2  1.2 ./cli mmap images/2048x2048   0 99700
17.2  1.2 ./cli mmap images/2048x2048   0 99700
17.4  1.2 ./cli mmap images/2048x2048   0 99720
18.0  1.2 ./cli mmap images/2048x2048   1 99716
18.1  1.2 ./cli mmap images/2048x2048   0 99672
  PID User     Command                         Swap      USS      PSS      RSS 
 7182 codespace /usr/bin/python3 /usr/bin/s        0    12068    12315    14472 
 6160 codespace ./cli mmap images/2048x2048        0    49252    59135    99672 
 6166 codespace ./cli mmap images/2048x2048        0    49252    59137    99700 
 6168 codespace ./cli mmap images/2048x2048        0    49252    59139    99716 
 6158 codespace ./cli mmap images/2048x2048        0    49256    59143    99720 
 6163 codespace ./cli mmap images/2048x2048        0    49256    59144    99700 
%CPU %MEM ARGS Sun Oct  4 18:24:54 UTC 2026
 0.0  0.0 grep --color=auto ./cli       0  2292
17.2  1.2 ./cli mmap images/2048x2048   0 99700
17.2  1.2 ./cli mmap images/2048x2048   0 99700
17.3  1.2 ./cli mmap images/2048x2048   0 99720
18.0  1.2 ./cli mmap images/2048x2048   0 99716
18.1  1.2 ./cli mmap images/2048x2048   0 99672
  PID User     Command                         Swap      USS      PSS      RSS 
 7188 codespace /usr/bin/python3 /usr/bin/s        0    12060    12313    14508 
 6160 codespace ./cli mmap images/2048x2048        0    49252    59135    99672 
 6166 codespace ./cli mmap images/2048x2048        0    49252    59138    99700 
 6168 codespace ./cli mmap images/2048x2048        0    49252    59139    99716 
 6158 codespace ./cli mmap images/2048x2048        0    49256    59143    99720 
 6163 codespace ./cli mmap images/2048x2048        0    49256    59143    99700 
%CPU %MEM ARGS Sun Oct  4 18:24:54 UTC 2026
 0.0  0.0 grep --color=auto ./cli       1  2176
17.2  1.2 ./cli mmap images/2048x2048   0 99700
17.2  1.2 ./cli mmap images/2048x2048   0 99700
17.3  1.2 ./cli mmap images/2048x2048   0 99720
18.0  1.2 ./cli mmap images/2048x2048   0 99716
18.1  1.2 ./cli mmap images/2048x2048   0 99672
  PID User     Command                         Swap      USS      PSS      RSS 
 7193 codespace /usr/bin/python3 /usr/bin/s        0    12064    12320    14524 
 6160 codespace ./cli mmap images/2048x2048        0    49252    59135    99672 
 6166 codespace ./cli mmap images/2048x2048        0    49252    59138    99700 
 6168 codespace ./cli mmap images/2048x2048        0    49252    59139    99716 
 6158 codespace ./cli mmap images/2048x2048        0    49256    59143    99720 
 6163 codespace ./cli mmap images/2048x2048        0    49256    59144    99700 
%CPU %MEM ARGS Sun Oct  4 18:24:55 UTC 2026
 0.0  0.0 grep --color=auto ./cli       0  2176
17.2  1.2 ./cli mmap images/2048x2048   0 99700
17.2  1.2 ./cli mmap images/2048x2048   0 99700
17.4  1.2 ./cli mmap images/2048x2048   0 99720
18.0  1.2 ./cli mmap images/2048x2048   0 99672
18.0  1.2 ./cli mmap images/2048x2048   1 99716
  PID User     Command                         Swap      USS      PSS      RSS 
 7205 codespace /usr/bin/python3 /usr/bin/s        0    12060    12296    14500 
 6160 codespace ./cli mmap images/2048x2048        0    49252    59135    99672 
 6166 codespace ./cli mmap images/2048x2048        0    49252    59138    99700 
 6168 codespace ./cli mmap images/2048x2048        0    49252    59139    99716 
 6158 codespace ./cli mmap images/2048x2048        0    49256    59143    99720 
 6163 codespace ./cli mmap images/2048x2048        0    49256    59143    99700 
%CPU %MEM ARGS Sun Oct  4 18:24:56 UTC 2026
 0.0  0.0 grep --color=auto ./cli       1  2252
17.1  1.2 ./cli mmap images/2048x2048   0 99700
17.2  1.2 ./cli mmap images/2048x2048   0 99700
17.3  1.2 ./cli mmap images/2048x2048   0 99720
18.0  1.2 ./cli mmap images/2048x2048   1 99672
18.2  1.2 ./cli mmap images/2048x2048   1 99716
  PID User     Command                         Swap      USS      PSS      RSS 
 7223 codespace /usr/bin/python3 /usr/bin/s        0    12104    12345    14588 
 6160 codespace ./cli mmap images/2048x2048        0    49252    59135    99672 
 6166 codespace ./cli mmap images/2048x2048        0    49252    59138    99700 
 6168 codespace ./cli mmap images/2048x2048        0    49252    59140    99716 
 6163 codespace ./cli mmap images/2048x2048        0    49256    59143    99700 
 6158 codespace ./cli mmap images/2048x2048        0    49256    59144    99720 
%CPU %MEM ARGS Sun Oct  4 18:24:57 UTC 2026
 0.0  0.0 grep --color=auto ./cli       0  2180
17.1  1.2 ./cli mmap images/2048x2048   1 99700
17.1  1.2 ./cli mmap images/2048x2048   0 99700
17.3  1.2 ./cli mmap images/2048x2048   0 99720
18.0  1.2 ./cli mmap images/2048x2048   0 99672
18.1  1.2 ./cli mmap images/2048x2048   0 99716
  PID User     Command                         Swap      USS      PSS      RSS 
 7235 codespace /usr/bin/python3 /usr/bin/s        0    12076    12320    14476 
 6160 codespace ./cli mmap images/2048x2048        0    49252    59135    99672 
 6166 codespace ./cli mmap images/2048x2048        0    49252    59138    99700 
 6168 codespace ./cli mmap images/2048x2048        0    49252    59139    99716 
 6158 codespace ./cli mmap images/2048x2048        0    49256    59143    99720 
 6163 codespace ./cli mmap images/2048x2048        0    49256    59144    99700 
%CPU %MEM ARGS Sun Oct  4 18:24:58 UTC 2026
 0.0  0.0 grep --color=auto ./cli       0  2156
17.2  1.2 ./cli mmap images/2048x2048   0 99700
17.2  1.2 ./cli mmap images/2048x2048   1 99700
17.3  1.2 ./cli mmap images/2048x2048   0 99720
18.0  1.2 ./cli mmap images/2048x2048   0 99672
18.1  1.2 ./cli mmap images/2048x2048   0 99716
  PID User     Command                         Swap      USS      PSS      RSS 
 7241 codespace /usr/bin/python3 /usr/bin/s        0    12108    12365    14592 
 6160 codespace ./cli mmap images/2048x2048        0    49252    59135    99672 
 6166 codespace ./cli mmap images/2048x2048        0    49252    59138    99700 
 6168 codespace ./cli mmap images/2048x2048        0    49252    59140    99716 
 6158 codespace ./cli mmap images/2048x2048        0    49256    59144    99720 
 6163 codespace ./cli mmap images/2048x2048        0    49256    59144    99700 
%CPU %MEM ARGS Sun Oct  4 18:24:59 UTC 2026
 0.0  0.0 grep --color=auto ./cli       0  2176
17.2  1.2 ./cli mmap images/2048x2048   1 99700
17.2  1.2 ./cli mmap images/2048x2048   0 99700
17.3  1.2 ./cli mmap images/2048x2048   0 99720
18.0  1.2 ./cli mmap images/2048x2048   0 99672
18.1  1.2 ./cli mmap images/2048x2048   0 99716
  PID User     Command                         Swap      USS      PSS      RSS 
 7253 codespace /usr/bin/python3 /usr/bin/s        0    12060    12315    14540 
 6166 codespace ./cli mmap images/2048x2048        0    49252    59131    99700 
 6160 codespace ./cli mmap images/2048x2048        0    49252    59135    99672 
 6168 codespace ./cli mmap images/2048x2048        0    49252    59135    99716 
 6163 codespace ./cli mmap images/2048x2048        0    49256    59137    99700 
 6158 codespace ./cli mmap images/2048x2048        0    49256    59143    99720 
%CPU %MEM ARGS Sun Oct  4 18:24:59 UTC 2026
 0.0  0.0 grep --color=auto ./cli       1  2196
17.2  1.2 ./cli mmap images/2048x2048   0 99700
17.2  1.2 ./cli mmap images/2048x2048   0 99720
17.3  1.2 ./cli mmap images/2048x2048   1 99700
17.9  1.2 ./cli mmap images/2048x2048   0 99672
18.1  1.2 ./cli mmap images/2048x2048   0 99716
  PID User     Command                         Swap      USS      PSS      RSS 
 7264 codespace /usr/bin/python3 /usr/bin/s        0    12072    12326    14552 
 6160 codespace ./cli mmap images/2048x2048        0    49252    59135    99672 
 6166 codespace ./cli mmap images/2048x2048        0    49252    59137    99700 
 6168 codespace ./cli mmap images/2048x2048        0    49252    59139    99716 
 6158 codespace ./cli mmap images/2048x2048        0    49256    59143    99720 
 6163 codespace ./cli mmap images/2048x2048        0    49256    59144    99700 
%CPU %MEM ARGS Sun Oct  4 18:25:00 UTC 2026
 0.0  0.0 grep --color=auto ./cli       0  2196
17.2  1.2 ./cli mmap images/2048x2048   0 99700
17.2  1.2 ./cli mmap images/2048x2048   0 99720
17.3  1.2 ./cli mmap images/2048x2048   0 99700
18.0  1.2 ./cli mmap images/2048x2048   1 99672
18.1  1.2 ./cli mmap images/2048x2048   1 99716
  PID User     Command                         Swap      USS      PSS      RSS 
 7270 codespace /usr/bin/python3 /usr/bin/s        0    12080    12318    14456 
 6160 codespace ./cli mmap images/2048x2048        0    49252    59135    99672 
 6166 codespace ./cli mmap images/2048x2048        0    49252    59138    99700 
 6168 codespace ./cli mmap images/2048x2048        0    49252    59139    99716 
 6158 codespace ./cli mmap images/2048x2048        0    49256    59143    99720 
 6163 codespace ./cli mmap images/2048x2048        0    49256    59144    99700 
%CPU %MEM ARGS Sun Oct  4 18:25:01 UTC 2026
 0.0  0.0 grep --color=auto ./cli       0  2340
17.2  1.2 ./cli mmap images/2048x2048   0 99700
17.2  1.2 ./cli mmap images/2048x2048   0 99720
17.2  1.2 ./cli mmap images/2048x2048   0 99700
18.0  1.2 ./cli mmap images/2048x2048   0 99672
18.1  1.2 ./cli mmap images/2048x2048   1 99716
  PID User     Command                         Swap      USS      PSS      RSS 
 7276 codespace /usr/bin/python3 /usr/bin/s        0    12096    12342    14588 
 6160 codespace ./cli mmap images/2048x2048        0    49252    59135    99672 
 6166 codespace ./cli mmap images/2048x2048        0    49252    59138    99700 
 6168 codespace ./cli mmap images/2048x2048        0    49252    59140    99716 
 6158 codespace ./cli mmap images/2048x2048        0    49256    59144    99720 
 6163 codespace ./cli mmap images/2048x2048        0    49256    59144    99700 
%CPU %MEM ARGS Sun Oct  4 18:25:02 UTC 2026
 0.0  0.0 grep --color=auto ./cli       0  2200
17.1  1.2 ./cli mmap images/2048x2048   1 99700
17.2  1.2 ./cli mmap images/2048x2048   0 99720
17.3  1.2 ./cli mmap images/2048x2048   1 99700
18.0  1.2 ./cli mmap images/2048x2048   0 99672
18.1  1.2 ./cli mmap images/2048x2048   0 99716
  PID User     Command                         Swap      USS      PSS      RSS 
 7282 codespace /usr/bin/python3 /usr/bin/s        0    12088    12355    14592 
 6160 codespace ./cli mmap images/2048x2048        0    49252    59135    99672 
 6166 codespace ./cli mmap images/2048x2048        0    49252    59138    99700 
 6168 codespace ./cli mmap images/2048x2048        0    49252    59139    99716 
 6158 codespace ./cli mmap images/2048x2048        0    49256    59143    99720 
 6163 codespace ./cli mmap images/2048x2048        0    49256    59144    99700 
%CPU %MEM ARGS Sun Oct  4 18:25:02 UTC 2026
 0.0  0.0 grep --color=auto ./cli       1  2172
17.1  1.2 ./cli mmap images/2048x2048   1 99700
17.2  1.2 ./cli mmap images/2048x2048   1 99720
17.3  1.2 ./cli mmap images/2048x2048   1 99700
18.0  1.2 ./cli mmap images/2048x2048   1 99672
18.2  1.2 ./cli mmap images/2048x2048   0 99716
  PID User     Command                         Swap      USS      PSS      RSS 
 7287 codespace /usr/bin/python3 /usr/bin/s        0    12056    12309    14520 
 6160 codespace ./cli mmap images/2048x2048        0    49252    59135    99672 
 6166 codespace ./cli mmap images/2048x2048        0    49252    59138    99700 
 6168 codespace ./cli mmap images/2048x2048        0    49252    59139    99716 
 6158 codespace ./cli mmap images/2048x2048        0    49256    59143    99720 
 6163 codespace ./cli mmap images/2048x2048        0    49256    59143    99700 
%CPU %MEM ARGS Sun Oct  4 18:25:03 UTC 2026
 0.0  0.0 grep --color=auto ./cli       1  2292
17.1  1.2 ./cli mmap images/2048x2048   1 99700
17.3  1.2 ./cli mmap images/2048x2048   0 99720
17.3  1.2 ./cli mmap images/2048x2048   1 99700
18.0  1.2 ./cli mmap images/2048x2048   1 99672
18.2  1.2 ./cli mmap images/2048x2048   1 99716
  PID User     Command                         Swap      USS      PSS      RSS 
 7293 codespace /usr/bin/python3 /usr/bin/s        0    12072    12286    14544 
 6166 codespace ./cli mmap images/2048x2048        0    49252    59131    99700 
 6160 codespace ./cli mmap images/2048x2048        0    49252    59133    99672 
 6168 codespace ./cli mmap images/2048x2048        0    49252    59133    99716 
 6163 codespace ./cli mmap images/2048x2048        0    49256    59139    99700 
 6158 codespace ./cli mmap images/2048x2048        0    49256    59143    99720 
%CPU %MEM ARGS Sun Oct  4 18:25:04 UTC 2026
 0.0  0.0 grep --color=auto ./cli       0  2304
17.1  1.2 ./cli mmap images/2048x2048   1 99700
17.3  1.2 ./cli mmap images/2048x2048   0 99700
17.3  1.2 ./cli mmap images/2048x2048   1 99720
17.9  1.2 ./cli mmap images/2048x2048   0 99672
18.2  1.2 ./cli mmap images/2048x2048   1 99716
  PID User     Command                         Swap      USS      PSS      RSS 
 7305 codespace /usr/bin/python3 /usr/bin/s        0    12080    12294    14476 
 6160 codespace ./cli mmap images/2048x2048        0    49252    59133    99672 
 6166 codespace ./cli mmap images/2048x2048        0    49252    59135    99700 
 6168 codespace ./cli mmap images/2048x2048        0    49252    59136    99716 
 6158 codespace ./cli mmap images/2048x2048        0    49256    59140    99720 
 6163 codespace ./cli mmap images/2048x2048        0    49256    59141    99700 
%CPU %MEM ARGS Sun Oct  4 18:25:04 UTC 2026
 0.0  0.0 grep --color=auto ./cli       0  2184
17.1  1.2 ./cli mmap images/2048x2048   1 99700
17.2  1.2 ./cli mmap images/2048x2048   1 99700
17.3  1.2 ./cli mmap images/2048x2048   0 99720
17.9  1.2 ./cli mmap images/2048x2048   0 99672
18.2  1.2 ./cli mmap images/2048x2048   0 99716
  PID User     Command                         Swap      USS      PSS      RSS 
 7316 codespace /usr/bin/python3 /usr/bin/s        0    12080    12332    14564 
 6160 codespace ./cli mmap images/2048x2048        0    49252    59135    99672 
 6166 codespace ./cli mmap images/2048x2048        0    49252    59138    99700 
 6168 codespace ./cli mmap images/2048x2048        0    49252    59140    99716 
 6163 codespace ./cli mmap images/2048x2048        0    49256    59143    99700 
 6158 codespace ./cli mmap images/2048x2048        0    49256    59144    99720 
%CPU %MEM ARGS Sun Oct  4 18:25:05 UTC 2026
 0.0  0.0 grep --color=auto ./cli       1  2280
17.2  1.2 ./cli mmap images/2048x2048   0 99700
17.2  1.2 ./cli mmap images/2048x2048   1 99700
17.3  1.2 ./cli mmap images/2048x2048   1 99720
17.9  1.2 ./cli mmap images/2048x2048   1 99672
18.1  1.2 ./cli mmap images/2048x2048   1 99716
  PID User     Command                         Swap      USS      PSS      RSS 
 7322 codespace /usr/bin/python3 /usr/bin/s        0    12120    12373    14596 
 6160 codespace ./cli mmap images/2048x2048        0    49252    59135    99672 
 6166 codespace ./cli mmap images/2048x2048        0    49252    59138    99700 
 6168 codespace ./cli mmap images/2048x2048        0    49252    59140    99716 
 6158 codespace ./cli mmap images/2048x2048        0    49256    59144    99720 
 6163 codespace ./cli mmap images/2048x2048        0    49256    59144    99700 
%CPU %MEM ARGS Sun Oct  4 18:25:06 UTC 2026
 0.0  0.0 grep --color=auto ./cli       0  2172
17.2  1.2 ./cli mmap images/2048x2048   0 99700
17.2  1.2 ./cli mmap images/2048x2048   1 99720
17.3  1.2 ./cli mmap images/2048x2048   1 99700
17.9  1.2 ./cli mmap images/2048x2048   0 99672
18.1  1.2 ./cli mmap images/2048x2048   0 99716
  PID User     Command                         Swap      USS      PSS      RSS 
 7328 codespace /usr/bin/python3 /usr/bin/s        0    12080    12328    14476 
 6160 codespace ./cli mmap images/2048x2048        0    49252    59135    99672 
 6166 codespace ./cli mmap images/2048x2048        0    49252    59138    99700 
 6168 codespace ./cli mmap images/2048x2048        0    49252    59139    99716 
 6158 codespace ./cli mmap images/2048x2048        0    49256    59143    99720 
 6163 codespace ./cli mmap images/2048x2048        0    49256    59144    99700 
%CPU %MEM ARGS Sun Oct  4 18:25:07 UTC 2026
 0.0  0.0 grep --color=auto ./cli       0  2168
17.2  1.2 ./cli mmap images/2048x2048   1 99700
17.2  1.2 ./cli mmap images/2048x2048   1 99720
17.2  1.2 ./cli mmap images/2048x2048   1 99700
17.8  1.2 ./cli mmap images/2048x2048   0 99672
18.1  1.2 ./cli mmap images/2048x2048   1 99716
  PID User     Command                         Swap      USS      PSS      RSS 
 7354 codespace /usr/bin/python3 /usr/bin/s        0    12080    12323    14460 
 6160 codespace ./cli mmap images/2048x2048        0    49252    59135    99672 
 6166 codespace ./cli mmap images/2048x2048        0    49252    59138    99700 
 6168 codespace ./cli mmap images/2048x2048        0    49252    59139    99716 
 6158 codespace ./cli mmap images/2048x2048        0    49256    59143    99720 
 6163 codespace ./cli mmap images/2048x2048        0    49256    59144    99700 
%CPU %MEM ARGS Sun Oct  4 18:25:08 UTC 2026
 0.0  0.0 grep --color=auto ./cli       1  2300
17.2  1.2 ./cli mmap images/2048x2048   0 99700
17.2  1.2 ./cli mmap images/2048x2048   0 99720
17.2  1.2 ./cli mmap images/2048x2048   0 99700
17.8  1.2 ./cli mmap images/2048x2048   0 99672
18.2  1.2 ./cli mmap images/2048x2048   1 99716
  PID User     Command                         Swap      USS      PSS      RSS 
 7360 codespace /usr/bin/python3 /usr/bin/s        0    12064    12314    14536 
 6160 codespace ./cli mmap images/2048x2048        0    49252    59129    99672 
 6166 codespace ./cli mmap images/2048x2048        0    49252    59133    99700 
 6158 codespace ./cli mmap images/2048x2048        0    49256    59138    99720 
 6163 codespace ./cli mmap images/2048x2048        0    49256    59138    99700 
 6168 codespace ./cli mmap images/2048x2048        0    49252    59140    99716 
%CPU %MEM ARGS Sun Oct  4 18:25:08 UTC 2026
 0.0  0.0 grep --color=auto ./cli       0  2184
17.2  1.2 ./cli mmap images/2048x2048   0 99700
17.2  1.2 ./cli mmap images/2048x2048   0 99720
17.2  1.2 ./cli mmap images/2048x2048   0 99700
17.8  1.2 ./cli mmap images/2048x2048   1 99672
18.2  1.2 ./cli mmap images/2048x2048   1 99716
  PID User     Command                         Swap      USS      PSS      RSS 
 7371 codespace /usr/bin/python3 /usr/bin/s        0    12080    12318    14472 
 6160 codespace ./cli mmap images/2048x2048        0    49252    59135    99672 
 6166 codespace ./cli mmap images/2048x2048        0    49252    59138    99700 
 6168 codespace ./cli mmap images/2048x2048        0    49252    59139    99716 
 6158 codespace ./cli mmap images/2048x2048        0    49256    59143    99720 
 6163 codespace ./cli mmap images/2048x2048        0    49256    59143    99700 
%CPU %MEM ARGS Sun Oct  4 18:25:09 UTC 2026
 0.0  0.0 grep --color=auto ./cli       0  2180
17.2  1.2 ./cli mmap images/2048x2048   1 99700
17.2  1.2 ./cli mmap images/2048x2048   1 99720
17.2  1.2 ./cli mmap images/2048x2048   0 99700
17.8  1.2 ./cli mmap images/2048x2048   0 99672
18.2  1.2 ./cli mmap images/2048x2048   0 99716
  PID User     Command                         Swap      USS      PSS      RSS 
 7377 codespace /usr/bin/python3 /usr/bin/s        0    12084    12328    14480 
 6160 codespace ./cli mmap images/2048x2048        0    49252    59135    99672 
 6166 codespace ./cli mmap images/2048x2048        0    49252    59138    99700 
 6168 codespace ./cli mmap images/2048x2048        0    49252    59139    99716 
 6158 codespace ./cli mmap images/2048x2048        0    49256    59143    99720 
 6163 codespace ./cli mmap images/2048x2048        0    49256    59143    99700 
%CPU %MEM ARGS Sun Oct  4 18:25:10 UTC 2026
 0.0  0.0 grep --color=auto ./cli       0  2292
17.2  1.2 ./cli mmap images/2048x2048   1 99700
17.2  1.2 ./cli mmap images/2048x2048   1 99700
17.2  1.2 ./cli mmap images/2048x2048   1 99720
17.9  1.2 ./cli mmap images/2048x2048   0 99672
18.2  1.2 ./cli mmap images/2048x2048   1 99716
  PID User     Command                         Swap      USS      PSS      RSS 
 7389 codespace /usr/bin/python3 /usr/bin/s        0    12084    12336    14588 
 6160 codespace ./cli mmap images/2048x2048        0    49252    59135    99672 
 6166 codespace ./cli mmap images/2048x2048        0    49252    59138    99700 
 6168 codespace ./cli mmap images/2048x2048        0    49252    59139    99716 
 6158 codespace ./cli mmap images/2048x2048        0    49256    59143    99720 
 6163 codespace ./cli mmap images/2048x2048        0    49256    59143    99700 
%CPU %MEM ARGS Sun Oct  4 18:25:10 UTC 2026
 0.0  0.0 grep --color=auto ./cli       1  2156
17.2  1.2 ./cli mmap images/2048x2048   1 99700
17.2  1.2 ./cli mmap images/2048x2048   1 99700
17.2  1.2 ./cli mmap images/2048x2048   1 99720
17.9  1.2 ./cli mmap images/2048x2048   0 99672
18.2  1.2 ./cli mmap images/2048x2048   1 99716
  PID User     Command                         Swap      USS      PSS      RSS 
 7394 codespace /usr/bin/python3 /usr/bin/s        0    12064    12320    14524 
 6160 codespace ./cli mmap images/2048x2048        0    49252    59135    99672 
 6166 codespace ./cli mmap images/2048x2048        0    49252    59138    99700 
 6168 codespace ./cli mmap images/2048x2048        0    49252    59139    99716 
 6158 codespace ./cli mmap images/2048x2048        0    49256    59143    99720 
 6163 codespace ./cli mmap images/2048x2048        0    49256    59144    99700 
%CPU %MEM ARGS Sun Oct  4 18:25:11 UTC 2026
 0.0  0.0 grep --color=auto ./cli       0  2192
17.2  1.2 ./cli mmap images/2048x2048   0 99700
17.2  1.2 ./cli mmap images/2048x2048   0 99720
17.2  1.2 ./cli mmap images/2048x2048   0 99700
18.0  1.2 ./cli mmap images/2048x2048   0 99672
18.1  1.2 ./cli mmap images/2048x2048   0 99716
  PID User     Command                         Swap      USS      PSS      RSS 
 7400 codespace /usr/bin/python3 /usr/bin/s        0    12052    12307    14480 
 6160 codespace ./cli mmap images/2048x2048        0    49252    59135    99672 
 6166 codespace ./cli mmap images/2048x2048        0    49252    59138    99700 
 6168 codespace ./cli mmap images/2048x2048        0    49252    59139    99716 
 6158 codespace ./cli mmap images/2048x2048        0    49256    59143    99720 
 6163 codespace ./cli mmap images/2048x2048        0    49256    59143    99700 
%CPU %MEM ARGS Sun Oct  4 18:25:12 UTC 2026
 0.0  0.0 grep --color=auto ./cli       1  2184
17.1  1.2 ./cli mmap images/2048x2048   0 99700
17.2  1.2 ./cli mmap images/2048x2048   0 99700
17.2  1.2 ./cli mmap images/2048x2048   0 99720
17.9  1.2 ./cli mmap images/2048x2048   0 99672
18.1  1.2 ./cli mmap images/2048x2048   0 99716
  PID User     Command                         Swap      USS      PSS      RSS 
 7406 codespace /usr/bin/python3 /usr/bin/s        0    12060    12315    14520 
 6160 codespace ./cli mmap images/2048x2048        0    49252    59135    99672 
 6166 codespace ./cli mmap images/2048x2048        0    49252    59138    99700 
 6168 codespace ./cli mmap images/2048x2048        0    49252    59140    99716 
 6158 codespace ./cli mmap images/2048x2048        0    49256    59144    99720 
 6163 codespace ./cli mmap images/2048x2048        0    49256    59144    99700 
%CPU %MEM ARGS Sun Oct  4 18:25:13 UTC 2026
 0.0  0.0 grep --color=auto ./cli       1  2252
17.1  1.2 ./cli mmap images/2048x2048   0 99700
17.2  1.2 ./cli mmap images/2048x2048   1 99700
17.2  1.2 ./cli mmap images/2048x2048   1 99720
18.0  1.2 ./cli mmap images/2048x2048   1 99672
18.1  1.2 ./cli mmap images/2048x2048   0 99716
  PID User     Command                         Swap      USS      PSS      RSS 
 7415 codespace /usr/bin/python3 /usr/bin/s        0    12060    12311    14520 
 6160 codespace ./cli mmap images/2048x2048        0    49252    59135    99672 
 6166 codespace ./cli mmap images/2048x2048        0    49252    59138    99700 
 6168 codespace ./cli mmap images/2048x2048        0    49252    59140    99716 
 6163 codespace ./cli mmap images/2048x2048        0    49256    59143    99700 
 6158 codespace ./cli mmap images/2048x2048        0    49256    59144    99720 
%CPU %MEM ARGS Sun Oct  4 18:25:13 UTC 2026
 0.0  0.0 grep --color=auto ./cli       1  2156
17.1  1.2 ./cli mmap images/2048x2048   1 99700
17.1  1.2 ./cli mmap images/2048x2048   1 99720
17.2  1.2 ./cli mmap images/2048x2048   1 99700
18.0  1.2 ./cli mmap images/2048x2048   0 99672
18.1  1.2 ./cli mmap images/2048x2048   1 99716
  PID User     Command                         Swap      USS      PSS      RSS 
 7423 codespace /usr/bin/python3 /usr/bin/s        0    12056    12305    14528 
 6160 codespace ./cli mmap images/2048x2048        0    49252    59135    99672 
 6166 codespace ./cli mmap images/2048x2048        0    49252    59138    99700 
 6168 codespace ./cli mmap images/2048x2048        0    49252    59140    99716 
 6158 codespace ./cli mmap images/2048x2048        0    49256    59144    99720 
 6163 codespace ./cli mmap images/2048x2048        0    49256    59144    99700 
%CPU %MEM ARGS Sun Oct  4 18:25:14 UTC 2026
 0.0  0.0 grep --color=auto ./cli       1  2160
17.1  1.2 ./cli mmap images/2048x2048   1 99720
17.1  1.2 ./cli mmap images/2048x2048   1 99700
17.1  1.2 ./cli mmap images/2048x2048   1 99700
18.0  1.2 ./cli mmap images/2048x2048   1 99672
18.1  1.2 ./cli mmap images/2048x2048   0 99716
  PID User     Command                         Swap      USS      PSS      RSS 
 7429 codespace /usr/bin/python3 /usr/bin/s        0    12088    12326    14520 
 6160 codespace ./cli mmap images/2048x2048        0    49252    59135    99672 
 6166 codespace ./cli mmap images/2048x2048        0    49252    59138    99700 
 6168 codespace ./cli mmap images/2048x2048        0    49252    59140    99716 
 6163 codespace ./cli mmap images/2048x2048        0    49256    59143    99700 
 6158 codespace ./cli mmap images/2048x2048        0    49256    59144    99720 
%CPU %MEM ARGS Sun Oct  4 18:25:15 UTC 2026
 0.0  0.0 grep --color=auto ./cli       1  2152
17.1  1.2 ./cli mmap images/2048x2048   0 99700
17.1  1.2 ./cli mmap images/2048x2048   0 99720
17.1  1.2 ./cli mmap images/2048x2048   0 99700
18.0  1.2 ./cli mmap images/2048x2048   1 99672
18.3  1.2 ./cli mmap images/2048x2048   0 99716
  PID User     Command                         Swap      USS      PSS      RSS 
 7441 codespace /usr/bin/python3 /usr/bin/s        0    12100    12346    14592 
 6160 codespace ./cli mmap images/2048x2048        0    49252    59135    99672 
 6166 codespace ./cli mmap images/2048x2048        0    49252    59138    99700 
 6168 codespace ./cli mmap images/2048x2048        0    49252    59140    99716 
 6163 codespace ./cli mmap images/2048x2048        0    49256    59144    99700 
 6158 codespace ./cli mmap images/2048x2048        0    49256    59145    99720 
%CPU %MEM ARGS Sun Oct  4 18:25:16 UTC 2026
 0.0  0.0 grep --color=auto ./cli       0  2128
17.1  1.2 ./cli mmap images/2048x2048   1 99720
17.1  1.2 ./cli mmap images/2048x2048   0 99700
17.1  1.2 ./cli mmap images/2048x2048   1 99700
18.0  1.2 ./cli mmap images/2048x2048   0 99672
18.3  1.2 ./cli mmap images/2048x2048   0 99716
  PID User     Command                         Swap      USS      PSS      RSS 
 7447 codespace /usr/bin/python3 /usr/bin/s        0    12092    12340    14568 
 6160 codespace ./cli mmap images/2048x2048        0    49252    59135    99672 
 6166 codespace ./cli mmap images/2048x2048        0    49252    59138    99700 
 6168 codespace ./cli mmap images/2048x2048        0    49252    59140    99716 
 6163 codespace ./cli mmap images/2048x2048        0    49256    59143    99700 
 6158 codespace ./cli mmap images/2048x2048        0    49256    59144    99720 
%CPU %MEM ARGS Sun Oct  4 18:25:17 UTC 2026
 0.0  0.0 grep --color=auto ./cli       1  2192
17.1  1.2 ./cli mmap images/2048x2048   0 99720
17.1  1.2 ./cli mmap images/2048x2048   0 99700
17.3  1.2 ./cli mmap images/2048x2048   1 99700
18.0  1.2 ./cli mmap images/2048x2048   1 99672
18.2  1.2 ./cli mmap images/2048x2048   1 99716
  PID User     Command                         Swap      USS      PSS      RSS 
 7465 codespace /usr/bin/python3 /usr/bin/s        0    12080    12335    14568 
 6160 codespace ./cli mmap images/2048x2048        0    49252    59135    99672 
 6166 codespace ./cli mmap images/2048x2048        0    49252    59138    99700 
 6168 codespace ./cli mmap images/2048x2048        0    49252    59139    99716 
 6158 codespace ./cli mmap images/2048x2048        0    49256    59143    99720 
 6163 codespace ./cli mmap images/2048x2048        0    49256    59143    99700 
%CPU %MEM ARGS Sun Oct  4 18:25:18 UTC 2026
 0.0  0.0 grep --color=auto ./cli       0  2292
17.0  1.2 ./cli mmap images/2048x2048   0 99720
17.1  1.2 ./cli mmap images/2048x2048   0 99700
17.2  1.2 ./cli mmap images/2048x2048   0 99700
18.0  1.2 ./cli mmap images/2048x2048   0 99672
18.3  1.2 ./cli mmap images/2048x2048   1 99716
  PID User     Command                         Swap      USS      PSS      RSS 
 7483 codespace /usr/bin/python3 /usr/bin/s        0    12060    12319    14524 
 6160 codespace ./cli mmap images/2048x2048        0    49252    59135    99672 
 6166 codespace ./cli mmap images/2048x2048        0    49252    59138    99700 
 6168 codespace ./cli mmap images/2048x2048        0    49252    59139    99716 
 6158 codespace ./cli mmap images/2048x2048        0    49256    59143    99720 
 6163 codespace ./cli mmap images/2048x2048        0    49256    59143    99700 
%CPU %MEM ARGS Sun Oct  4 18:25:18 UTC 2026
 0.0  0.0 grep --color=auto ./cli       1  2124
17.0  1.2 ./cli mmap images/2048x2048   0 99720
17.1  1.2 ./cli mmap images/2048x2048   0 99700
17.2  1.2 ./cli mmap images/2048x2048   0 99700
18.0  1.2 ./cli mmap images/2048x2048   1 99672
18.3  1.2 ./cli mmap images/2048x2048   0 99716
  PID User     Command                         Swap      USS      PSS      RSS 
 7488 codespace /usr/bin/python3 /usr/bin/s        0    12108    12365    14592 
 6160 codespace ./cli mmap images/2048x2048        0    49252    59135    99672 
 6166 codespace ./cli mmap images/2048x2048        0    49252    59138    99700 
 6168 codespace ./cli mmap images/2048x2048        0    49252    59140    99716 
 6158 codespace ./cli mmap images/2048x2048        0    49256    59144    99720 
 6163 codespace ./cli mmap images/2048x2048        0    49256    59144    99700 
%CPU %MEM ARGS Sun Oct  4 18:25:19 UTC 2026
 0.0  0.0 grep --color=auto ./cli       1  2192
17.0  1.2 ./cli mmap images/2048x2048   0 99700
17.0  1.2 ./cli mmap images/2048x2048   1 99720
17.2  1.2 ./cli mmap images/2048x2048   0 99700
18.1  1.2 ./cli mmap images/2048x2048   0 99672
18.3  1.2 ./cli mmap images/2048x2048   0 99716
  PID User     Command                         Swap      USS      PSS      RSS 
 7494 codespace /usr/bin/python3 /usr/bin/s        0    12084    12325    14480 
 6160 codespace ./cli mmap images/2048x2048        0    49252    59135    99672 
 6166 codespace ./cli mmap images/2048x2048        0    49252    59138    99700 
 6168 codespace ./cli mmap images/2048x2048        0    49252    59139    99716 
 6158 codespace ./cli mmap images/2048x2048        0    49256    59143    99720 
 6163 codespace ./cli mmap images/2048x2048        0    49256    59143    99700 
%CPU %MEM ARGS Sun Oct  4 18:25:20 UTC 2026
 0.0  0.0 grep --color=auto ./cli       0  2288
17.0  1.2 ./cli mmap images/2048x2048   0 99700
17.0  1.2 ./cli mmap images/2048x2048   0 99720
17.2  1.2 ./cli mmap images/2048x2048   0 99700
18.2  1.2 ./cli mmap images/2048x2048   1 99672
18.3  1.2 ./cli mmap images/2048x2048   0 99716
  PID User     Command                         Swap      USS      PSS      RSS 
 7500 codespace /usr/bin/python3 /usr/bin/s        0    12076    12305    14624 
 6160 codespace ./cli mmap images/2048x2048        0    49252    59134    99672 
 6166 codespace ./cli mmap images/2048x2048        0    49252    59135    99700 
 6168 codespace ./cli mmap images/2048x2048        0    49252    59137    99716 
 6163 codespace ./cli mmap images/2048x2048        0    49256    59141    99700 
 6158 codespace ./cli mmap images/2048x2048        0    49256    59143    99720 
%CPU %MEM ARGS Sun Oct  4 18:25:21 UTC 2026
 0.0  0.0 grep --color=auto ./cli       0  2244
17.0  1.2 ./cli mmap images/2048x2048   0 99720
17.0  1.2 ./cli mmap images/2048x2048   1 99700
17.1  1.2 ./cli mmap images/2048x2048   0 99700
18.2  1.2 ./cli mmap images/2048x2048   0 99716
18.3  1.2 ./cli mmap images/2048x2048   1 99672
  PID User     Command                         Swap      USS      PSS      RSS 
 7513 codespace /usr/bin/python3 /usr/bin/s        0    12060    12346    14488 
 6160 codespace ./cli mmap images/2048x2048        0    49252    59135    99672 
 6166 codespace ./cli mmap images/2048x2048        0    49252    59138    99700 
 6168 codespace ./cli mmap images/2048x2048        0    49252    59139    99716 
 6158 codespace ./cli mmap images/2048x2048        0    49256    59143    99720 
 6163 codespace ./cli mmap images/2048x2048        0    49256    59144    99700 
%CPU %MEM ARGS Sun Oct  4 18:25:22 UTC 2026
 0.0  0.0 grep --color=auto ./cli       0  2152
17.0  1.2 ./cli mmap images/2048x2048   0 99720
17.1  1.2 ./cli mmap images/2048x2048   1 99700
17.1  1.2 ./cli mmap images/2048x2048   0 99700
18.2  1.2 ./cli mmap images/2048x2048   0 99716
18.3  1.2 ./cli mmap images/2048x2048   0 99672
  PID User     Command                         Swap      USS      PSS      RSS 
 7523 codespace /usr/bin/python3 /usr/bin/s        0    12056    12309    14484 
 6160 codespace ./cli mmap images/2048x2048        0    49252    59135    99672 
 6166 codespace ./cli mmap images/2048x2048        0    49252    59138    99700 
 6168 codespace ./cli mmap images/2048x2048        0    49252    59139    99716 
 6158 codespace ./cli mmap images/2048x2048        0    49256    59143    99720 
 6163 codespace ./cli mmap images/2048x2048        0    49256    59143    99700 
%CPU %MEM ARGS Sun Oct  4 18:25:23 UTC 2026
 0.0  0.0 grep --color=auto ./cli       0  2248
17.0  1.2 ./cli mmap images/2048x2048   0 99720
17.1  1.2 ./cli mmap images/2048x2048   0 99700
17.2  1.2 ./cli mmap images/2048x2048   1 99700
18.2  1.2 ./cli mmap images/2048x2048   0 99716
18.2  1.2 ./cli mmap images/2048x2048   0 99672
  PID User     Command                         Swap      USS      PSS      RSS 
 7531 codespace /usr/bin/python3 /usr/bin/s        0    12068    12317    14524 
 6160 codespace ./cli mmap images/2048x2048        0    49252    59135    99672 
 6166 codespace ./cli mmap images/2048x2048        0    49252    59138    99700 
 6168 codespace ./cli mmap images/2048x2048        0    49252    59140    99716 
 6163 codespace ./cli mmap images/2048x2048        0    49256    59143    99700 
 6158 codespace ./cli mmap images/2048x2048        0    49256    59144    99720 
%CPU %MEM ARGS Sun Oct  4 18:25:23 UTC 2026
 0.0  0.0 grep --color=auto ./cli       1  2296
17.0  1.2 ./cli mmap images/2048x2048   0 99720
17.1  1.2 ./cli mmap images/2048x2048   1 99700
17.2  1.2 ./cli mmap images/2048x2048   0 99700
18.2  1.2 ./cli mmap images/2048x2048   0 99716
18.2  1.2 ./cli mmap images/2048x2048   0 99672
  PID User     Command                         Swap      USS      PSS      RSS 
 7536 codespace /usr/bin/python3 /usr/bin/s        0    12064    12319    14544 
 6160 codespace ./cli mmap images/2048x2048        0    49252    59135    99672 
 6166 codespace ./cli mmap images/2048x2048        0    49252    59137    99700 
 6168 codespace ./cli mmap images/2048x2048        0    49252    59139    99716 
 6158 codespace ./cli mmap images/2048x2048        0    49256    59143    99720 
 6163 codespace ./cli mmap images/2048x2048        0    49256    59143    99700 
%CPU %MEM ARGS Sun Oct  4 18:25:24 UTC 2026
 0.0  0.0 grep --color=auto ./cli       1  2176
17.0  1.2 ./cli mmap images/2048x2048   1 99720
17.2  1.2 ./cli mmap images/2048x2048   0 99700
17.2  1.2 ./cli mmap images/2048x2048   0 99700
18.2  1.2 ./cli mmap images/2048x2048   1 99716
18.2  1.2 ./cli mmap images/2048x2048   1 99672
  PID User     Command                         Swap      USS      PSS      RSS 
 7542 codespace /usr/bin/python3 /usr/bin/s        0    12084    12335    14480 
 6160 codespace ./cli mmap images/2048x2048        0    49252    59135    99672 
 6166 codespace ./cli mmap images/2048x2048        0    49252    59138    99700 
 6168 codespace ./cli mmap images/2048x2048        0    49252    59139    99716 
 6158 codespace ./cli mmap images/2048x2048        0    49256    59143    99720 
 6163 codespace ./cli mmap images/2048x2048        0    49256    59143    99700 
%CPU %MEM ARGS Sun Oct  4 18:25:25 UTC 2026
 0.0  0.0 grep --color=auto ./cli       1  2176
17.0  1.2 ./cli mmap images/2048x2048   1 99720
17.2  1.2 ./cli mmap images/2048x2048   0 99700
17.3  1.2 ./cli mmap images/2048x2048   1 99700
18.2  1.2 ./cli mmap images/2048x2048   1 99716
18.2  1.2 ./cli mmap images/2048x2048   1 99672
  PID User     Command                         Swap      USS      PSS      RSS 
 7548 codespace /usr/bin/python3 /usr/bin/s        0    12028    12289    14528 
 6160 codespace ./cli mmap images/2048x2048        0    49252    59135    99672 
 6166 codespace ./cli mmap images/2048x2048        0    49252    59138    99700 
 6168 codespace ./cli mmap images/2048x2048        0    49252    59140    99716 
 6163 codespace ./cli mmap images/2048x2048        0    49256    59143    99700 
 6158 codespace ./cli mmap images/2048x2048        0    49256    59144    99720 
%CPU %MEM ARGS Sun Oct  4 18:25:26 UTC 2026
 0.0  0.0 grep --color=auto ./cli       0  2208
16.9  1.2 ./cli mmap images/2048x2048   1 99720
17.2  1.2 ./cli mmap images/2048x2048   1 99700
17.3  1.2 ./cli mmap images/2048x2048   0 99700
18.1  1.2 ./cli mmap images/2048x2048   1 99716
18.2  1.2 ./cli mmap images/2048x2048   1 99672
  PID User     Command                         Swap      USS      PSS      RSS 
 7554 codespace /usr/bin/python3 /usr/bin/s        0    12072    12314    14536 
 6160 codespace ./cli mmap images/2048x2048        0    49252    59135    99672 
 6166 codespace ./cli mmap images/2048x2048        0    49252    59138    99700 
 6168 codespace ./cli mmap images/2048x2048        0    49252    59140    99716 
 6158 codespace ./cli mmap images/2048x2048        0    49256    59144    99720 
 6163 codespace ./cli mmap images/2048x2048        0    49256    59144    99700 
%CPU %MEM ARGS Sun Oct  4 18:25:27 UTC 2026
 0.0  0.0 grep --color=auto ./cli       0  2192
17.0  1.2 ./cli mmap images/2048x2048   0 99720
17.2  1.2 ./cli mmap images/2048x2048   0 99700
17.3  1.2 ./cli mmap images/2048x2048   0 99700
18.1  1.2 ./cli mmap images/2048x2048   0 99716
18.2  1.2 ./cli mmap images/2048x2048   1 99672
  PID User     Command                         Swap      USS      PSS      RSS 
 7571 codespace /usr/bin/python3 /usr/bin/s        0    12072    12347    14592 
 6160 codespace ./cli mmap images/2048x2048        0    49252    59135    99672 
 6166 codespace ./cli mmap images/2048x2048        0    49252    59138    99700 
 6168 codespace ./cli mmap images/2048x2048        0    49252    59140    99716 
 6163 codespace ./cli mmap images/2048x2048        0    49256    59143    99700 
 6158 codespace ./cli mmap images/2048x2048        0    49256    59144    99720 
%CPU %MEM ARGS Sun Oct  4 18:25:28 UTC 2026
 0.0  0.0 grep --color=auto ./cli       0  2304
17.0  1.2 ./cli mmap images/2048x2048   0 99720
17.2  1.2 ./cli mmap images/2048x2048   1 99700
17.3  1.2 ./cli mmap images/2048x2048   0 99700
18.1  1.2 ./cli mmap images/2048x2048   0 99716
18.2  1.2 ./cli mmap images/2048x2048   1 99672
  PID User     Command                         Swap      USS      PSS      RSS 
 7595 codespace /usr/bin/python3 /usr/bin/s        0    12112    12348    14588 
 6160 codespace ./cli mmap images/2048x2048        0    49252    59135    99672 
 6166 codespace ./cli mmap images/2048x2048        0    49252    59138    99700 
 6168 codespace ./cli mmap images/2048x2048        0    49252    59140    99716 
 6163 codespace ./cli mmap images/2048x2048        0    49256    59143    99700 
 6158 codespace ./cli mmap images/2048x2048        0    49256    59144    99720 
%CPU %MEM ARGS Sun Oct  4 18:25:29 UTC 2026
 0.0  0.0 grep --color=auto ./cli       0  2168
17.0  1.2 ./cli mmap images/2048x2048   0 99720
17.2  1.2 ./cli mmap images/2048x2048   0 99700
17.3  1.2 ./cli mmap images/2048x2048   0 99700
18.0  1.2 ./cli mmap images/2048x2048   0 99716
18.2  1.2 ./cli mmap images/2048x2048   1 99672
  PID User     Command                         Swap      USS      PSS      RSS 
 7601 codespace /usr/bin/python3 /usr/bin/s        0    12076    12319    14476 
 6160 codespace ./cli mmap images/2048x2048        0    49252    59135    99672 
 6166 codespace ./cli mmap images/2048x2048        0    49252    59138    99700 
 6168 codespace ./cli mmap images/2048x2048        0    49252    59139    99716 
 6158 codespace ./cli mmap images/2048x2048        0    49256    59143    99720 
 6163 codespace ./cli mmap images/2048x2048        0    49256    59144    99700 
%CPU %MEM ARGS Sun Oct  4 18:25:29 UTC 2026
 0.0  0.0 grep --color=auto ./cli       0  2204
17.0  1.2 ./cli mmap images/2048x2048   1 99720
17.2  1.2 ./cli mmap images/2048x2048   0 99700
17.3  1.2 ./cli mmap images/2048x2048   0 99700
18.0  1.2 ./cli mmap images/2048x2048   0 99716
18.3  1.2 ./cli mmap images/2048x2048   0 99672
  PID User     Command                         Swap      USS      PSS      RSS 
 7607 codespace /usr/bin/python3 /usr/bin/s        0    12076    12322    14540 
 6160 codespace ./cli mmap images/2048x2048        0    49252    59135    99672 
 6166 codespace ./cli mmap images/2048x2048        0    49252    59138    99700 
 6168 codespace ./cli mmap images/2048x2048        0    49252    59139    99716 
 6158 codespace ./cli mmap images/2048x2048        0    49256    59143    99720 
 6163 codespace ./cli mmap images/2048x2048        0    49256    59143    99700 
%CPU %MEM ARGS Sun Oct  4 18:25:30 UTC 2026
 0.0  0.0 grep --color=auto ./cli       1  2344
17.0  1.2 ./cli mmap images/2048x2048   1 99720
17.2  1.2 ./cli mmap images/2048x2048   1 99700
17.2  1.2 ./cli mmap images/2048x2048   1 99700
18.1  1.2 ./cli mmap images/2048x2048   0 99716
18.2  1.2 ./cli mmap images/2048x2048   1 99672
  PID User     Command                         Swap      USS      PSS      RSS 
 7613 codespace /usr/bin/python3 /usr/bin/s        0    12088    12328    14476 
 6160 codespace ./cli mmap images/2048x2048        0    49252    59135    99672 
 6166 codespace ./cli mmap images/2048x2048        0    49252    59138    99700 
 6168 codespace ./cli mmap images/2048x2048        0    49252    59139    99716 
 6158 codespace ./cli mmap images/2048x2048        0    49256    59143    99720 
 6163 codespace ./cli mmap images/2048x2048        0    49256    59143    99700 
%CPU %MEM ARGS Sun Oct  4 18:25:31 UTC 2026
 0.0  0.0 grep --color=auto ./cli       1  2208
17.1  1.2 ./cli mmap images/2048x2048   1 99720
17.2  1.2 ./cli mmap images/2048x2048   1 99700
17.2  1.2 ./cli mmap images/2048x2048   1 99700
18.1  1.2 ./cli mmap images/2048x2048   0 99716
18.2  1.2 ./cli mmap images/2048x2048   1 99672
  PID User     Command                         Swap      USS      PSS      RSS 
 7618 codespace /usr/bin/python3 /usr/bin/s        0    12080    12318    14472 
 6160 codespace ./cli mmap images/2048x2048        0    49252    59135    99672 
 6166 codespace ./cli mmap images/2048x2048        0    49252    59138    99700 
 6168 codespace ./cli mmap images/2048x2048        0    49252    59139    99716 
 6158 codespace ./cli mmap images/2048x2048        0    49256    59143    99720 
 6163 codespace ./cli mmap images/2048x2048        0    49256    59143    99700 
%CPU %MEM ARGS Sun Oct  4 18:25:32 UTC 2026
 0.0  0.0 grep --color=auto ./cli       1  2344
17.0  1.2 ./cli mmap images/2048x2048   1 99720
17.1  1.2 ./cli mmap images/2048x2048   1 99700
17.2  1.2 ./cli mmap images/2048x2048   1 99700
18.2  1.2 ./cli mmap images/2048x2048   1 99672
18.2  1.2 ./cli mmap images/2048x2048   0 99716
  PID User     Command                         Swap      USS      PSS      RSS 
 7630 codespace /usr/bin/python3 /usr/bin/s        0    12060    12281    14520 
 6160 codespace ./cli mmap images/2048x2048        0    49252    59133    99672 
 6166 codespace ./cli mmap images/2048x2048        0    49252    59136    99700 
 6168 codespace ./cli mmap images/2048x2048        0    49252    59137    99716 
 6158 codespace ./cli mmap images/2048x2048        0    49256    59141    99720 
 6163 codespace ./cli mmap images/2048x2048        0    49256    59141    99700 
%CPU %MEM ARGS Sun Oct  4 18:25:33 UTC 2026
 0.0  0.0 grep --color=auto ./cli       1  2372
17.0  1.2 ./cli mmap images/2048x2048   0 99720
17.2  1.2 ./cli mmap images/2048x2048   0 99700
17.2  1.2 ./cli mmap images/2048x2048   0 99700
18.2  1.2 ./cli mmap images/2048x2048   1 99672
18.2  1.2 ./cli mmap images/2048x2048   0 99716
  PID User     Command                         Swap      USS      PSS      RSS 
 7647 codespace /usr/bin/python3 /usr/bin/s        0    12076    12334    14592 
 6160 codespace ./cli mmap images/2048x2048        0    49252    59135    99672 
 6166 codespace ./cli mmap images/2048x2048        0    49252    59138    99700 
 6168 codespace ./cli mmap images/2048x2048        0    49252    59139    99716 
 6158 codespace ./cli mmap images/2048x2048        0    49256    59143    99720 
 6163 codespace ./cli mmap images/2048x2048        0    49256    59144    99700 
%CPU %MEM ARGS Sun Oct  4 18:25:33 UTC 2026
 0.0  0.0 grep --color=auto ./cli       0  2288
17.0  1.2 ./cli mmap images/2048x2048   1 99720
17.2  1.2 ./cli mmap images/2048x2048   1 99700
17.3  1.2 ./cli mmap images/2048x2048   1 99700
18.2  1.2 ./cli mmap images/2048x2048   1 99672
18.2  1.2 ./cli mmap images/2048x2048   1 99716
  PID User     Command                         Swap      USS      PSS      RSS 
 7653 codespace /usr/bin/python3 /usr/bin/s        0    12072    12328    14540 
 6160 codespace ./cli mmap images/2048x2048        0    49252    59135    99672 
 6166 codespace ./cli mmap images/2048x2048        0    49252    59138    99700 
 6168 codespace ./cli mmap images/2048x2048        0    49252    59139    99716 
 6158 codespace ./cli mmap images/2048x2048        0    49256    59143    99720 
 6163 codespace ./cli mmap images/2048x2048        0    49256    59144    99700 
%CPU %MEM ARGS Sun Oct  4 18:25:34 UTC 2026
 0.0  0.0 grep --color=auto ./cli       1  2196
17.0  1.2 ./cli mmap images/2048x2048   1 99720
17.2  1.2 ./cli mmap images/2048x2048   1 99700
17.3  1.2 ./cli mmap images/2048x2048   1 99700
18.1  1.2 ./cli mmap images/2048x2048   1 99672
18.2  1.2 ./cli mmap images/2048x2048   1 99716
  PID User     Command                         Swap      USS      PSS      RSS 
 7659 codespace /usr/bin/python3 /usr/bin/s        0    12060    12314    14520 
 6160 codespace ./cli mmap images/2048x2048        0    49252    59135    99672 
 6166 codespace ./cli mmap images/2048x2048        0    49252    59138    99700 
 6168 codespace ./cli mmap images/2048x2048        0    49252    59140    99716 
 6158 codespace ./cli mmap images/2048x2048        0    49256    59144    99720 
 6163 codespace ./cli mmap images/2048x2048        0    49256    59144    99700 
%CPU %MEM ARGS Sun Oct  4 18:25:35 UTC 2026
 0.0  0.0 grep --color=auto ./cli       1  2204
17.0  1.2 ./cli mmap images/2048x2048   1 99720
17.1  1.2 ./cli mmap images/2048x2048   1 99700
17.3  1.2 ./cli mmap images/2048x2048   1 99700
18.1  1.2 ./cli mmap images/2048x2048   0 99672
18.2  1.2 ./cli mmap images/2048x2048   1 99716
  PID User     Command                         Swap      USS      PSS      RSS 
 7665 codespace /usr/bin/python3 /usr/bin/s        0    12052    12308    14516 
 6160 codespace ./cli mmap images/2048x2048        0    49252    59135    99672 
 6166 codespace ./cli mmap images/2048x2048        0    49252    59138    99700 
 6168 codespace ./cli mmap images/2048x2048        0    49252    59140    99716 
 6163 codespace ./cli mmap images/2048x2048        0    49256    59143    99700 
 6158 codespace ./cli mmap images/2048x2048        0    49256    59144    99720 
%CPU %MEM ARGS Sun Oct  4 18:25:36 UTC 2026
 0.0  0.0 grep --color=auto ./cli       0  2308
17.0  1.2 ./cli mmap images/2048x2048   0 99720
17.1  1.2 ./cli mmap images/2048x2048   1 99700
17.3  1.2 ./cli mmap images/2048x2048   1 99700
18.1  1.2 ./cli mmap images/2048x2048   1 99672
18.2  1.2 ./cli mmap images/2048x2048   1 99716
  PID User     Command                         Swap      USS      PSS      RSS 
 7670 codespace /usr/bin/python3 /usr/bin/s        0    12068    12319    14512 
 6160 codespace ./cli mmap images/2048x2048        0    49252    59135    99672 
 6166 codespace ./cli mmap images/2048x2048        0    49252    59138    99700 
 6168 codespace ./cli mmap images/2048x2048        0    49252    59139    99716 
 6158 codespace ./cli mmap images/2048x2048        0    49256    59143    99720 
 6163 codespace ./cli mmap images/2048x2048        0    49256    59143    99700 
%CPU %MEM ARGS Sun Oct  4 18:25:37 UTC 2026
 0.0  0.0 grep --color=auto ./cli       0  2196
17.0  1.2 ./cli mmap images/2048x2048   1 99720
17.1  1.2 ./cli mmap images/2048x2048   1 99700
17.2  1.2 ./cli mmap images/2048x2048   1 99700
18.1  1.2 ./cli mmap images/2048x2048   0 99672
18.2  1.2 ./cli mmap images/2048x2048   0 99716
  PID User     Command                         Swap      USS      PSS      RSS 
 7682 codespace /usr/bin/python3 /usr/bin/s        0    12100    12343    14588 
 6160 codespace ./cli mmap images/2048x2048        0    49252    59135    99672 
 6166 codespace ./cli mmap images/2048x2048        0    49252    59138    99700 
 6168 codespace ./cli mmap images/2048x2048        0    49252    59140    99716 
 6158 codespace ./cli mmap images/2048x2048        0    49256    59144    99720 
 6163 codespace ./cli mmap images/2048x2048        0    49256    59144    99700 
%CPU %MEM ARGS Sun Oct  4 18:25:37 UTC 2026
 0.0  0.0 grep --color=auto ./cli       1  2156
17.0  1.2 ./cli mmap images/2048x2048   1 99720
17.1  1.2 ./cli mmap images/2048x2048   1 99700
17.2  1.2 ./cli mmap images/2048x2048   1 99700
18.2  1.2 ./cli mmap images/2048x2048   1 99716
18.2  1.2 ./cli mmap images/2048x2048   0 99672
  PID User     Command                         Swap      USS      PSS      RSS 
 7688 codespace /usr/bin/python3 /usr/bin/s        0    12076    12287    14512 
 6160 codespace ./cli mmap images/2048x2048        0    49252    59133    99672 
 6166 codespace ./cli mmap images/2048x2048        0    49252    59136    99700 
 6168 codespace ./cli mmap images/2048x2048        0    49252    59137    99716 
 6163 codespace ./cli mmap images/2048x2048        0    49256    59140    99700 
 6158 codespace ./cli mmap images/2048x2048        0    49256    59141    99720 
%CPU %MEM ARGS Sun Oct  4 18:25:38 UTC 2026
 0.0  0.0 grep --color=auto ./cli       1  2168
17.0  1.2 ./cli mmap images/2048x2048   0 99720
17.1  1.2 ./cli mmap images/2048x2048   0 99700
17.2  1.2 ./cli mmap images/2048x2048   1 99700
18.1  1.2 ./cli mmap images/2048x2048   0 99716
18.2  1.2 ./cli mmap images/2048x2048   0 99672
  PID User     Command                         Swap      USS      PSS      RSS 
 7717 codespace /usr/bin/python3 /usr/bin/s        0    12100    12343    14588 
 6160 codespace ./cli mmap images/2048x2048        0    49252    59135    99672 
 6166 codespace ./cli mmap images/2048x2048        0    49252    59138    99700 
 6168 codespace ./cli mmap images/2048x2048        0    49252    59140    99716 
 6158 codespace ./cli mmap images/2048x2048        0    49256    59144    99720 
 6163 codespace ./cli mmap images/2048x2048        0    49256    59144    99700 
%CPU %MEM ARGS Sun Oct  4 18:25:39 UTC 2026
 0.0  0.0 grep --color=auto ./cli       1  2188
17.0  1.2 ./cli mmap images/2048x2048   1 99720
17.1  1.2 ./cli mmap images/2048x2048   1 99700
17.2  1.2 ./cli mmap images/2048x2048   1 99700
18.2  1.2 ./cli mmap images/2048x2048   0 99716
18.2  1.2 ./cli mmap images/2048x2048   1 99672
  PID User     Command                         Swap      USS      PSS      RSS 
 7723 codespace /usr/bin/python3 /usr/bin/s        0    12068    12315    14472 
 6160 codespace ./cli mmap images/2048x2048        0    49252    59135    99672 
 6166 codespace ./cli mmap images/2048x2048        0    49252    59137    99700 
 6168 codespace ./cli mmap images/2048x2048        0    49252    59139    99716 
 6158 codespace ./cli mmap images/2048x2048        0    49256    59143    99720 
 6163 codespace ./cli mmap images/2048x2048        0    49256    59144    99700 
%CPU %MEM ARGS Sun Oct  4 18:25:40 UTC 2026
 0.0  0.0 grep --color=auto ./cli       0  1884
17.0  1.2 ./cli mmap images/2048x2048   0 99720
17.1  1.2 ./cli mmap images/2048x2048   0 99700
17.2  1.2 ./cli mmap images/2048x2048   0 99700
18.1  1.2 ./cli mmap images/2048x2048   0 99672
18.2  1.2 ./cli mmap images/2048x2048   0 99716
  PID User     Command                         Swap      USS      PSS      RSS 
 7728 codespace /usr/bin/python3 /usr/bin/s        0    12072    12326    14592 
 6166 codespace ./cli mmap images/2048x2048        0    49252    59132    99700 
 6160 codespace ./cli mmap images/2048x2048        0    49252    59134    99672 
 6168 codespace ./cli mmap images/2048x2048        0    49252    59135    99716 
 6163 codespace ./cli mmap images/2048x2048        0    49256    59138    99700 
 6158 codespace ./cli mmap images/2048x2048        0    49256    59144    99720 
%CPU %MEM ARGS Sun Oct  4 18:25:41 UTC 2026
 0.0  0.0 grep --color=auto ./cli       1  2164
17.0  1.2 ./cli mmap images/2048x2048   1 99720
17.1  1.2 ./cli mmap images/2048x2048   1 99700
17.2  1.2 ./cli mmap images/2048x2048   1 99700
18.2  1.2 ./cli mmap images/2048x2048   0 99672
18.2  1.2 ./cli mmap images/2048x2048   1 99716
  PID User     Command                         Swap      USS      PSS      RSS 
 7740 codespace /usr/bin/python3 /usr/bin/s        0    12056    12312    14520 
 6160 codespace ./cli mmap images/2048x2048        0    49252    59135    99672 
 6166 codespace ./cli mmap images/2048x2048        0    49252    59138    99700 
 6168 codespace ./cli mmap images/2048x2048        0    49252    59140    99716 
 6163 codespace ./cli mmap images/2048x2048        0    49256    59143    99700 
 6158 codespace ./cli mmap images/2048x2048        0    49256    59144    99720 
%CPU %MEM ARGS Sun Oct  4 18:25:42 UTC 2026
 0.0  0.0 grep --color=auto ./cli       1  2204
17.0  1.2 ./cli mmap images/2048x2048   1 99720
17.1  1.2 ./cli mmap images/2048x2048   0 99700
17.2  1.2 ./cli mmap images/2048x2048   1 99700
18.2  1.2 ./cli mmap images/2048x2048   1 99716
18.3  1.2 ./cli mmap images/2048x2048   1 99672
  PID User     Command                         Swap      USS      PSS      RSS 
 7746 codespace /usr/bin/python3 /usr/bin/s        0    12068    12331    14620 
 6160 codespace ./cli mmap images/2048x2048        0    49252    59135    99672 
 6166 codespace ./cli mmap images/2048x2048        0    49252    59138    99700 
 6168 codespace ./cli mmap images/2048x2048        0    49252    59140    99716 
 6163 codespace ./cli mmap images/2048x2048        0    49256    59143    99700 
 6158 codespace ./cli mmap images/2048x2048        0    49256    59144    99720 
%CPU %MEM ARGS Sun Oct  4 18:25:43 UTC 2026
 0.0  0.0 grep --color=auto ./cli       1  2168
17.0  1.2 ./cli mmap images/2048x2048   1 99720
17.2  1.2 ./cli mmap images/2048x2048   1 99700
17.2  1.2 ./cli mmap images/2048x2048   0 99700
18.1  1.2 ./cli mmap images/2048x2048   1 99716
18.2  1.2 ./cli mmap images/2048x2048   1 99672
  PID User     Command                         Swap      USS      PSS      RSS 
 7752 codespace /usr/bin/python3 /usr/bin/s        0    12060    12316    14520 
 6160 codespace ./cli mmap images/2048x2048        0    49252    59135    99672 
 6168 codespace ./cli mmap images/2048x2048        0    49252    59139    99716 
 6166 codespace ./cli mmap images/2048x2048        0    49252    59140    99700 
 6163 codespace ./cli mmap images/2048x2048        0    49256    59143    99700 
 6158 codespace ./cli mmap images/2048x2048        0    49256    59144    99720 
%CPU %MEM ARGS Sun Oct  4 18:25:43 UTC 2026
 0.0  0.0 grep --color=auto ./cli       1  2172
17.0  1.2 ./cli mmap images/2048x2048   0 99720
17.2  1.2 ./cli mmap images/2048x2048   0 99700
17.2  1.2 ./cli mmap images/2048x2048   0 99700
18.1  1.2 ./cli mmap images/2048x2048   0 99716
18.3  1.2 ./cli mmap images/2048x2048   1 99672
  PID User     Command                         Swap      USS      PSS      RSS 
 7758 codespace /usr/bin/python3 /usr/bin/s        0    12060    12316    14520 
 6160 codespace ./cli mmap images/2048x2048        0    49252    59135    99672 
 6166 codespace ./cli mmap images/2048x2048        0    49252    59138    99700 
 6168 codespace ./cli mmap images/2048x2048        0    49252    59139    99716 
 6158 codespace ./cli mmap images/2048x2048        0    49256    59143    99720 
 6163 codespace ./cli mmap images/2048x2048        0    49256    59144    99700 
%CPU %MEM ARGS Sun Oct  4 18:25:44 UTC 2026
 0.0  0.0 grep --color=auto ./cli       0  2180
16.9  1.2 ./cli mmap images/2048x2048   0 99720
17.2  1.2 ./cli mmap images/2048x2048   1 99700
17.2  1.2 ./cli mmap images/2048x2048   0 99700
18.1  1.2 ./cli mmap images/2048x2048   0 99716
18.2  1.2 ./cli mmap images/2048x2048   0 99672
  PID User     Command                         Swap      USS      PSS      RSS 
 7769 codespace /usr/bin/python3 /usr/bin/s        0    12092    12342    14620 
 6160 codespace ./cli mmap images/2048x2048        0    49252    59135    99672 
 6166 codespace ./cli mmap images/2048x2048        0    49252    59138    99700 
 6168 codespace ./cli mmap images/2048x2048        0    49252    59140    99716 
 6158 codespace ./cli mmap images/2048x2048        0    49256    59144    99720 
 6163 codespace ./cli mmap images/2048x2048        0    49256    59144    99700 
%CPU %MEM ARGS Sun Oct  4 18:25:45 UTC 2026
 0.0  0.0 grep --color=auto ./cli       0  2200
16.9  1.2 ./cli mmap images/2048x2048   0 99720
17.2  1.2 ./cli mmap images/2048x2048   0 99700
17.3  1.2 ./cli mmap images/2048x2048   1 99700
18.1  1.2 ./cli mmap images/2048x2048   0 99716
18.2  1.2 ./cli mmap images/2048x2048   0 99672
  PID User     Command                         Swap      USS      PSS      RSS 
 7778 codespace /usr/bin/python3 /usr/bin/s        0    12056    12299    14544 
 6160 codespace ./cli mmap images/2048x2048        0    49252    59135    99672 
 6166 codespace ./cli mmap images/2048x2048        0    49252    59138    99700 
 6168 codespace ./cli mmap images/2048x2048        0    49252    59140    99716 
 6158 codespace ./cli mmap images/2048x2048        0    49256    59144    99720 
 6163 codespace ./cli mmap images/2048x2048        0    49256    59144    99700 
%CPU %MEM ARGS Sun Oct  4 18:25:46 UTC 2026
 0.0  0.0 grep --color=auto ./cli       1  2152
16.9  1.2 ./cli mmap images/2048x2048   1 99720
17.2  1.2 ./cli mmap images/2048x2048   0 99700
17.4  1.2 ./cli mmap images/2048x2048   1 99700
18.1  1.2 ./cli mmap images/2048x2048   1 99716
18.2  1.2 ./cli mmap images/2048x2048   1 99672
  PID User     Command                         Swap      USS      PSS      RSS 
 7786 codespace /usr/bin/python3 /usr/bin/s        0    12060    12319    14520 
 6160 codespace ./cli mmap images/2048x2048        0    49252    59135    99672 
 6166 codespace ./cli mmap images/2048x2048        0    49252    59138    99700 
 6168 codespace ./cli mmap images/2048x2048        0    49252    59139    99716 
 6158 codespace ./cli mmap images/2048x2048        0    49256    59143    99720 
 6163 codespace ./cli mmap images/2048x2048        0    49256    59144    99700 
%CPU %MEM ARGS Sun Oct  4 18:25:47 UTC 2026
 0.0  0.0 grep --color=auto ./cli       0  2176
16.9  1.2 ./cli mmap images/2048x2048   1 99720
17.2  1.2 ./cli mmap images/2048x2048   1 99700
17.4  1.2 ./cli mmap images/2048x2048   0 99700
18.1  1.2 ./cli mmap images/2048x2048   1 99716
18.2  1.2 ./cli mmap images/2048x2048   1 99672
  PID User     Command                         Swap      USS      PSS      RSS 
 7792 codespace /usr/bin/python3 /usr/bin/s        0    12096    12357    14588 
 6160 codespace ./cli mmap images/2048x2048        0    49252    59135    99672 
 6166 codespace ./cli mmap images/2048x2048        0    49252    59138    99700 
 6168 codespace ./cli mmap images/2048x2048        0    49252    59140    99716 
 6158 codespace ./cli mmap images/2048x2048        0    49256    59144    99720 
 6163 codespace ./cli mmap images/2048x2048        0    49256    59144    99700 
%CPU %MEM ARGS Sun Oct  4 18:25:48 UTC 2026
 0.0  0.0 grep --color=auto ./cli       1  2160
16.9  1.2 ./cli mmap images/2048x2048   1 99720
17.2  1.2 ./cli mmap images/2048x2048   1 99700
17.5  1.2 ./cli mmap images/2048x2048   1 99700
18.1  1.2 ./cli mmap images/2048x2048   0 99716
18.2  1.2 ./cli mmap images/2048x2048   1 99672
  PID User     Command                         Swap      USS      PSS      RSS 
 7798 codespace /usr/bin/python3 /usr/bin/s        0    12060    12315    14520 
 6160 codespace ./cli mmap images/2048x2048        0    49252    59135    99672 
 6166 codespace ./cli mmap images/2048x2048        0    49252    59138    99700 
 6168 codespace ./cli mmap images/2048x2048        0    49252    59140    99716 
 6158 codespace ./cli mmap images/2048x2048        0    49256    59144    99720 
 6163 codespace ./cli mmap images/2048x2048        0    49256    59144    99700 
%CPU %MEM ARGS Sun Oct  4 18:25:48 UTC 2026
 0.0  0.0 grep --color=auto ./cli       1  2180
16.9  1.2 ./cli mmap images/2048x2048   1 99720
17.2  1.2 ./cli mmap images/2048x2048   0 99700
17.5  1.2 ./cli mmap images/2048x2048   1 99700
18.1  1.2 ./cli mmap images/2048x2048   1 99716
18.2  1.2 ./cli mmap images/2048x2048   1 99672
  PID User     Command                         Swap      USS      PSS      RSS 
 7804 codespace /usr/bin/python3 /usr/bin/s        0    12056    12317    14556 
 6160 codespace ./cli mmap images/2048x2048        0    49252    59133    99672 
 6166 codespace ./cli mmap images/2048x2048        0    49252    59138    99700 
 6168 codespace ./cli mmap images/2048x2048        0    49252    59140    99716 
 6163 codespace ./cli mmap images/2048x2048        0    49256    59141    99700 
 6158 codespace ./cli mmap images/2048x2048        0    49256    59143    99720 
%CPU %MEM ARGS Sun Oct  4 18:25:49 UTC 2026
 0.0  0.0 grep --color=auto ./cli       1  2188
16.9  1.2 ./cli mmap images/2048x2048   0 99720
17.2  1.2 ./cli mmap images/2048x2048   0 99700
17.5  1.2 ./cli mmap images/2048x2048   1 99700
18.0  1.2 ./cli mmap images/2048x2048   1 99716
18.1  1.2 ./cli mmap images/2048x2048   1 99672
  PID User     Command                         Swap      USS      PSS      RSS 
 7826 codespace /usr/bin/python3 /usr/bin/s        0    12064    12320    14540 
 6160 codespace ./cli mmap images/2048x2048        0    49252    59135    99672 
 6166 codespace ./cli mmap images/2048x2048        0    49252    59138    99700 
 6168 codespace ./cli mmap images/2048x2048        0    49252    59140    99716 
 6163 codespace ./cli mmap images/2048x2048        0    49256    59143    99700 
 6158 codespace ./cli mmap images/2048x2048        0    49256    59144    99720 
%CPU %MEM ARGS Sun Oct  4 18:25:50 UTC 2026
 0.0  0.0 grep --color=auto ./cli       1  2176
16.9  1.2 ./cli mmap images/2048x2048   0 99720
17.2  1.2 ./cli mmap images/2048x2048   1 99700
17.4  1.2 ./cli mmap images/2048x2048   0 99700
18.0  1.2 ./cli mmap images/2048x2048   0 99716
18.1  1.2 ./cli mmap images/2048x2048   1 99672
  PID User     Command                         Swap      USS      PSS      RSS 
 7841 codespace /usr/bin/python3 /usr/bin/s        0    12084    12323    14472 
 6160 codespace ./cli mmap images/2048x2048        0    49252    59135    99672 
 6166 codespace ./cli mmap images/2048x2048        0    49252    59138    99700 
 6168 codespace ./cli mmap images/2048x2048        0    49252    59139    99716 
 6158 codespace ./cli mmap images/2048x2048        0    49256    59143    99720 
 6163 codespace ./cli mmap images/2048x2048        0    49256    59143    99700 
%CPU %MEM ARGS Sun Oct  4 18:25:51 UTC 2026
 0.0  0.0 grep --color=auto ./cli       0  2176
16.9  1.2 ./cli mmap images/2048x2048   0 99720
17.2  1.2 ./cli mmap images/2048x2048   0 99700
17.4  1.2 ./cli mmap images/2048x2048   1 99700
18.0  1.2 ./cli mmap images/2048x2048   0 99716
18.1  1.2 ./cli mmap images/2048x2048   0 99672
  PID User     Command                         Swap      USS      PSS      RSS 
 7850 codespace /usr/bin/python3 /usr/bin/s        0    12056    12308    14516 
 6160 codespace ./cli mmap images/2048x2048        0    49252    59135    99672 
 6166 codespace ./cli mmap images/2048x2048        0    49252    59138    99700 
 6168 codespace ./cli mmap images/2048x2048        0    49252    59140    99716 
 6163 codespace ./cli mmap images/2048x2048        0    49256    59143    99700 
 6158 codespace ./cli mmap images/2048x2048        0    49256    59144    99720 
%CPU %MEM ARGS Sun Oct  4 18:25:51 UTC 2026
 0.0  0.0 grep --color=auto ./cli       1  2172
16.9  1.2 ./cli mmap images/2048x2048   0 99720
17.2  1.2 ./cli mmap images/2048x2048   0 99700
17.5  1.2 ./cli mmap images/2048x2048   1 99700
18.0  1.2 ./cli mmap images/2048x2048   0 99716
18.1  1.2 ./cli mmap images/2048x2048   0 99672
  PID User     Command                         Swap      USS      PSS      RSS 
 7856 codespace /usr/bin/python3 /usr/bin/s        0    12068    12330    14620 
 6160 codespace ./cli mmap images/2048x2048        0    49252    59135    99672 
 6166 codespace ./cli mmap images/2048x2048        0    49252    59138    99700 
 6168 codespace ./cli mmap images/2048x2048        0    49252    59140    99716 
 6163 codespace ./cli mmap images/2048x2048        0    49256    59143    99700 
 6158 codespace ./cli mmap images/2048x2048        0    49256    59144    99720 
%CPU %MEM ARGS Sun Oct  4 18:25:52 UTC 2026
 0.0  0.0 grep --color=auto ./cli       0  2160
16.9  1.2 ./cli mmap images/2048x2048   0 99720
17.2  1.2 ./cli mmap images/2048x2048   0 99700
17.6  1.2 ./cli mmap images/2048x2048   0 99700
18.0  1.2 ./cli mmap images/2048x2048   1 99716
18.1  1.2 ./cli mmap images/2048x2048   0 99672
  PID User     Command                         Swap      USS      PSS      RSS 
 7862 codespace /usr/bin/python3 /usr/bin/s        0    12060    12311    14520 
 6160 codespace ./cli mmap images/2048x2048        0    49252    59135    99672 
 6166 codespace ./cli mmap images/2048x2048        0    49252    59138    99700 
 6168 codespace ./cli mmap images/2048x2048        0    49252    59140    99716 
 6163 codespace ./cli mmap images/2048x2048        0    49256    59143    99700 
 6158 codespace ./cli mmap images/2048x2048        0    49256    59144    99720 
%CPU %MEM ARGS Sun Oct  4 18:25:53 UTC 2026
 0.0  0.0 grep --color=auto ./cli       0  2172
16.9  1.2 ./cli mmap images/2048x2048   0 99720
17.2  1.2 ./cli mmap images/2048x2048   1 99700
17.5  1.2 ./cli mmap images/2048x2048   0 99700
18.0  1.2 ./cli mmap images/2048x2048   1 99716
18.1  1.2 ./cli mmap images/2048x2048   0 99672
  PID User     Command                         Swap      USS      PSS      RSS 
 7867 codespace /usr/bin/python3 /usr/bin/s        0    12076    12319    14504 
 6160 codespace ./cli mmap images/2048x2048        0    49252    59135    99672 
 6166 codespace ./cli mmap images/2048x2048        0    49252    59138    99700 
 6168 codespace ./cli mmap images/2048x2048        0    49252    59140    99716 
 6163 codespace ./cli mmap images/2048x2048        0    49256    59143    99700 
 6158 codespace ./cli mmap images/2048x2048        0    49256    59144    99720 
%CPU %MEM ARGS Sun Oct  4 18:25:54 UTC 2026
 0.0  0.0 grep --color=auto ./cli       1  2184
16.9  1.2 ./cli mmap images/2048x2048   1 99720
17.2  1.2 ./cli mmap images/2048x2048   1 99700
17.5  1.2 ./cli mmap images/2048x2048   0 99700
18.0  1.2 ./cli mmap images/2048x2048   1 99716
18.1  1.2 ./cli mmap images/2048x2048   0 99672
  PID User     Command                         Swap      USS      PSS      RSS 
 7873 codespace /usr/bin/python3 /usr/bin/s        0    12060    12318    14524 
 6160 codespace ./cli mmap images/2048x2048        0    49252    59135    99672 
 6166 codespace ./cli mmap images/2048x2048        0    49252    59138    99700 
 6168 codespace ./cli mmap images/2048x2048        0    49252    59140    99716 
 6158 codespace ./cli mmap images/2048x2048        0    49256    59144    99720 
 6163 codespace ./cli mmap images/2048x2048        0    49256    59144    99700 
%CPU %MEM ARGS Sun Oct  4 18:25:55 UTC 2026
 0.0  0.0 grep --color=auto ./cli       0  2172
16.9  1.2 ./cli mmap images/2048x2048   1 99720
17.2  1.2 ./cli mmap images/2048x2048   1 99700
17.6  1.2 ./cli mmap images/2048x2048   1 99700
18.0  1.2 ./cli mmap images/2048x2048   1 99716
18.1  1.2 ./cli mmap images/2048x2048   1 99672
  PID User     Command                         Swap      USS      PSS      RSS 
 7885 codespace /usr/bin/python3 /usr/bin/s        0    12068    12279    14472 
 6160 codespace ./cli mmap images/2048x2048        0    49252    59133    99672 
 6166 codespace ./cli mmap images/2048x2048        0    49252    59136    99700 
 6168 codespace ./cli mmap images/2048x2048        0    49252    59137    99716 
 6158 codespace ./cli mmap images/2048x2048        0    49256    59141    99720 
 6163 codespace ./cli mmap images/2048x2048        0    49256    59141    99700 
%CPU %MEM ARGS Sun Oct  4 18:25:55 UTC 2026
 0.0  0.0 grep --color=auto ./cli       1  2160
16.9  1.2 ./cli mmap images/2048x2048   1 99720
17.3  1.2 ./cli mmap images/2048x2048   0 99700
17.5  1.2 ./cli mmap images/2048x2048   1 99700
18.0  1.2 ./cli mmap images/2048x2048   1 99716
18.1  1.2 ./cli mmap images/2048x2048   1 99672
  PID User     Command                         Swap      USS      PSS      RSS 
 7898 codespace /usr/bin/python3 /usr/bin/s        0    12032    12284    14460 
 6160 codespace ./cli mmap images/2048x2048        0    49252    59135    99672 
 6166 codespace ./cli mmap images/2048x2048        0    49252    59138    99700 
 6168 codespace ./cli mmap images/2048x2048        0    49252    59139    99716 
 6158 codespace ./cli mmap images/2048x2048        0    49256    59143    99720 
 6163 codespace ./cli mmap images/2048x2048        0    49256    59143    99700 
%CPU %MEM ARGS Sun Oct  4 18:25:56 UTC 2026
 0.0  0.0 grep --color=auto ./cli       1  2200
16.9  1.2 ./cli mmap images/2048x2048   0 99720
17.2  1.2 ./cli mmap images/2048x2048   1 99700
17.5  1.2 ./cli mmap images/2048x2048   1 99700
18.0  1.2 ./cli mmap images/2048x2048   1 99716
18.1  1.2 ./cli mmap images/2048x2048   1 99672
  PID User     Command                         Swap      USS      PSS      RSS 
 7903 codespace /usr/bin/python3 /usr/bin/s        0    12080    12327    14476 
 6160 codespace ./cli mmap images/2048x2048        0    49252    59135    99672 
 6166 codespace ./cli mmap images/2048x2048        0    49252    59138    99700 
 6168 codespace ./cli mmap images/2048x2048        0    49252    59139    99716 
 6158 codespace ./cli mmap images/2048x2048        0    49256    59143    99720 
 6163 codespace ./cli mmap images/2048x2048        0    49256    59144    99700 
%CPU %MEM ARGS Sun Oct  4 18:25:57 UTC 2026
 0.0  0.0 grep --color=auto ./cli       0  2176
16.9  1.2 ./cli mmap images/2048x2048   1 99720
17.3  1.2 ./cli mmap images/2048x2048   1 99700
17.6  1.2 ./cli mmap images/2048x2048   0 99700
18.0  1.2 ./cli mmap images/2048x2048   1 99716
18.0  1.2 ./cli mmap images/2048x2048   1 99672
  PID User     Command                         Swap      USS      PSS      RSS 
 7909 codespace /usr/bin/python3 /usr/bin/s        0    12068    12300    14504 
 6160 codespace ./cli mmap images/2048x2048        0    49252    59135    99672 
 6166 codespace ./cli mmap images/2048x2048        0    49252    59138    99700 
 6168 codespace ./cli mmap images/2048x2048        0    49252    59139    99716 
 6158 codespace ./cli mmap images/2048x2048        0    49256    59143    99720 
 6163 codespace ./cli mmap images/2048x2048        0    49256    59144    99700 
%CPU %MEM ARGS Sun Oct  4 18:25:58 UTC 2026
 0.0  0.0 grep --color=auto ./cli       0  2164
16.9  1.2 ./cli mmap images/2048x2048   1 99720
17.3  1.2 ./cli mmap images/2048x2048   1 99700
17.6  1.2 ./cli mmap images/2048x2048   1 99700
18.0  1.2 ./cli mmap images/2048x2048   1 99716
18.1  1.2 ./cli mmap images/2048x2048   0 99672
  PID User     Command                         Swap      USS      PSS      RSS 
 7915 codespace /usr/bin/python3 /usr/bin/s        0    12060    12319    14520 
 6160 codespace ./cli mmap images/2048x2048        0    49252    59135    99672 
 6166 codespace ./cli mmap images/2048x2048        0    49252    59138    99700 
 6168 codespace ./cli mmap images/2048x2048        0    49252    59140    99716 
 6163 codespace ./cli mmap images/2048x2048        0    49256    59143    99700 
 6158 codespace ./cli mmap images/2048x2048        0    49256    59144    99720 
%CPU %MEM ARGS Sun Oct  4 18:25:58 UTC 2026
 0.0  0.0 grep --color=auto ./cli       0  2248
16.9  1.2 ./cli mmap images/2048x2048   0 99720
17.3  1.2 ./cli mmap images/2048x2048   0 99700
17.6  1.2 ./cli mmap images/2048x2048   1 99700
18.0  1.2 ./cli mmap images/2048x2048   1 99716
18.1  1.2 ./cli mmap images/2048x2048   0 99672
  PID User     Command                         Swap      USS      PSS      RSS 
 7921 codespace /usr/bin/python3 /usr/bin/s        0    12080    12336    14572 
 6160 codespace ./cli mmap images/2048x2048        0    49252    59135    99672 
 6166 codespace ./cli mmap images/2048x2048        0    49252    59138    99700 
 6168 codespace ./cli mmap images/2048x2048        0    49252    59139    99716 
 6158 codespace ./cli mmap images/2048x2048        0    49256    59143    99720 
 6163 codespace ./cli mmap images/2048x2048        0    49256    59143    99700 
%CPU %MEM ARGS Sun Oct  4 18:25:59 UTC 2026
 0.0  0.0 grep --color=auto ./cli       0  2160
16.9  1.2 ./cli mmap images/2048x2048   1 99720
17.3  1.2 ./cli mmap images/2048x2048   1 99700
17.6  1.2 ./cli mmap images/2048x2048   1 99700
18.0  1.2 ./cli mmap images/2048x2048   0 99716
18.1  1.2 ./cli mmap images/2048x2048   1 99672
  PID User     Command                         Swap      USS      PSS      RSS 
 7944 codespace /usr/bin/python3 /usr/bin/s        0    12060    12313    14520 
 6160 codespace ./cli mmap images/2048x2048        0    49252    59135    99672 
 6166 codespace ./cli mmap images/2048x2048        0    49252    59138    99700 
 6168 codespace ./cli mmap images/2048x2048        0    49252    59140    99716 
 6158 codespace ./cli mmap images/2048x2048        0    49256    59144    99720 
 6163 codespace ./cli mmap images/2048x2048        0    49256    59144    99700 
%CPU %MEM ARGS Sun Oct  4 18:26:00 UTC 2026
 0.0  0.0 grep --color=auto ./cli       0  2300
16.9  1.2 ./cli mmap images/2048x2048   1 99720
17.2  1.2 ./cli mmap images/2048x2048   1 99700
17.6  1.2 ./cli mmap images/2048x2048   1 99700
17.9  1.2 ./cli mmap images/2048x2048   0 99716
18.0  1.2 ./cli mmap images/2048x2048   1 99672
  PID User     Command                         Swap      USS      PSS      RSS 
 7956 codespace /usr/bin/python3 /usr/bin/s        0    12076    12303    14588 
 6160 codespace ./cli mmap images/2048x2048        0    49252    59133    99672 
 6166 codespace ./cli mmap images/2048x2048        0    49252    59135    99700 
 6168 codespace ./cli mmap images/2048x2048        0    49252    59137    99716 
 6158 codespace ./cli mmap images/2048x2048        0    49256    59141    99720 
 6163 codespace ./cli mmap images/2048x2048        0    49256    59141    99700 
%CPU %MEM ARGS Sun Oct  4 18:26:01 UTC 2026
 0.0  0.0 grep --color=auto ./cli       0  2252
16.9  1.2 ./cli mmap images/2048x2048   0 99720
17.2  1.2 ./cli mmap images/2048x2048   1 99700
17.6  1.2 ./cli mmap images/2048x2048   1 99700
17.9  1.2 ./cli mmap images/2048x2048   1 99716
18.0  1.2 ./cli mmap images/2048x2048   1 99672
  PID User     Command                         Swap      USS      PSS      RSS 
 7969 codespace /usr/bin/python3 /usr/bin/s        0    12100    12346    14572 
 6160 codespace ./cli mmap images/2048x2048        0    49252    59135    99672 
 6166 codespace ./cli mmap images/2048x2048        0    49252    59138    99700 
 6168 codespace ./cli mmap images/2048x2048        0    49252    59140    99716 
 6163 codespace ./cli mmap images/2048x2048        0    49256    59143    99700 
 6158 codespace ./cli mmap images/2048x2048        0    49256    59144    99720 
%CPU %MEM ARGS Sun Oct  4 18:26:02 UTC 2026
 0.0  0.0 grep --color=auto ./cli       1  2168
16.9  1.2 ./cli mmap images/2048x2048   1 99720
17.2  1.2 ./cli mmap images/2048x2048   1 99700
17.6  1.2 ./cli mmap images/2048x2048   1 99700
17.9  1.2 ./cli mmap images/2048x2048   1 99716
18.1  1.2 ./cli mmap images/2048x2048   0 99672
  PID User     Command                         Swap      USS      PSS      RSS 
 7975 codespace /usr/bin/python3 /usr/bin/s        0    12060    12314    14536 
 6160 codespace ./cli mmap images/2048x2048        0    49252    59135    99672 
 6166 codespace ./cli mmap images/2048x2048        0    49252    59139    99700 
 6168 codespace ./cli mmap images/2048x2048        0    49252    59139    99716 
 6163 codespace ./cli mmap images/2048x2048        0    49256    59143    99700 
 6158 codespace ./cli mmap images/2048x2048        0    49256    59144    99720 
%CPU %MEM ARGS Sun Oct  4 18:26:03 UTC 2026
 0.0  0.0 grep --color=auto ./cli       1  2292
16.9  1.2 ./cli mmap images/2048x2048   1 99720
17.2  1.2 ./cli mmap images/2048x2048   1 99700
17.6  1.2 ./cli mmap images/2048x2048   1 99700
17.9  1.2 ./cli mmap images/2048x2048   1 99716
18.2  1.2 ./cli mmap images/2048x2048   0 99672
  PID User     Command                         Swap      USS      PSS      RSS 
 7981 codespace /usr/bin/python3 /usr/bin/s        0    12060    12314    14536 
 6160 codespace ./cli mmap images/2048x2048        0    49252    59135    99672 
 6166 codespace ./cli mmap images/2048x2048        0    49252    59137    99700 
 6168 codespace ./cli mmap images/2048x2048        0    49252    59139    99716 
 6158 codespace ./cli mmap images/2048x2048        0    49256    59143    99720 
 6163 codespace ./cli mmap images/2048x2048        0    49256    59143    99700 
%CPU %MEM ARGS Sun Oct  4 18:26:04 UTC 2026
 0.0  0.0 grep --color=auto ./cli       0  2172
16.9  1.2 ./cli mmap images/2048x2048   1 99720
17.2  1.2 ./cli mmap images/2048x2048   1 99700
17.6  1.2 ./cli mmap images/2048x2048   0 99700
17.9  1.2 ./cli mmap images/2048x2048   0 99716
18.2  1.2 ./cli mmap images/2048x2048   0 99672
  PID User     Command                         Swap      USS      PSS      RSS 
 7987 codespace /usr/bin/python3 /usr/bin/s        0    12104    12347    14516 
 6160 codespace ./cli mmap images/2048x2048        0    49252    59131    99672 
 6166 codespace ./cli mmap images/2048x2048        0    49252    59138    99700 
 6158 codespace ./cli mmap images/2048x2048        0    49256    59139    99720 
 6168 codespace ./cli mmap images/2048x2048        0    49252    59140    99716 
 6163 codespace ./cli mmap images/2048x2048        0    49256    59143    99700 
%CPU %MEM ARGS Sun Oct  4 18:26:04 UTC 2026
 0.0  0.0 grep --color=auto ./cli       0  2192
16.9  1.2 ./cli mmap images/2048x2048   1 99720
17.2  1.2 ./cli mmap images/2048x2048   1 99700
17.6  1.2 ./cli mmap images/2048x2048   0 99700
17.9  1.2 ./cli mmap images/2048x2048   0 99716
18.2  1.2 ./cli mmap images/2048x2048   0 99672
  PID User     Command                         Swap      USS      PSS      RSS 
 7999 codespace /usr/bin/python3 /usr/bin/s        0    12072    12321    14476 
 6160 codespace ./cli mmap images/2048x2048        0    49252    59135    99672 
 6166 codespace ./cli mmap images/2048x2048        0    49252    59138    99700 
 6168 codespace ./cli mmap images/2048x2048        0    49252    59139    99716 
 6158 codespace ./cli mmap images/2048x2048        0    49256    59143    99720 
 6163 codespace ./cli mmap images/2048x2048        0    49256    59143    99700 
%CPU %MEM ARGS Sun Oct  4 18:26:05 UTC 2026
 0.0  0.0 grep --color=auto ./cli       0  2288
17.0  1.2 ./cli mmap images/2048x2048   0 99720
17.2  1.2 ./cli mmap images/2048x2048   1 99700
17.5  1.2 ./cli mmap images/2048x2048   0 99700
17.9  1.2 ./cli mmap images/2048x2048   0 99716
18.2  1.2 ./cli mmap images/2048x2048   0 99672
  PID User     Command                         Swap      USS      PSS      RSS 
 8004 codespace /usr/bin/python3 /usr/bin/s        0    12080    12324    14476 
 6160 codespace ./cli mmap images/2048x2048        0    49252    59135    99672 
 6166 codespace ./cli mmap images/2048x2048        0    49252    59138    99700 
 6168 codespace ./cli mmap images/2048x2048        0    49252    59139    99716 
 6158 codespace ./cli mmap images/2048x2048        0    49256    59143    99720 
 6163 codespace ./cli mmap images/2048x2048        0    49256    59143    99700 
%CPU %MEM ARGS Sun Oct  4 18:26:06 UTC 2026
 0.0  0.0 grep --color=auto ./cli       1  2180
17.0  1.2 ./cli mmap images/2048x2048   1 99720
17.3  1.2 ./cli mmap images/2048x2048   0 99700
17.5  1.2 ./cli mmap images/2048x2048   1 99700
17.9  1.2 ./cli mmap images/2048x2048   1 99716
18.1  1.2 ./cli mmap images/2048x2048   1 99672
  PID User     Command                         Swap      USS      PSS      RSS 
 8016 codespace /usr/bin/python3 /usr/bin/s        0    12080    12325    14476 
 6160 codespace ./cli mmap images/2048x2048        0    49252    59135    99672 
 6166 codespace ./cli mmap images/2048x2048        0    49252    59138    99700 
 6168 codespace ./cli mmap images/2048x2048        0    49252    59139    99716 
 6158 codespace ./cli mmap images/2048x2048        0    49256    59143    99720 
 6163 codespace ./cli mmap images/2048x2048        0    49256    59144    99700 
%CPU %MEM ARGS Sun Oct  4 18:26:07 UTC 2026
 0.0  0.0 grep --color=auto ./cli       0  2160
17.0  1.2 ./cli mmap images/2048x2048   1 99720
17.3  1.2 ./cli mmap images/2048x2048   0 99700
17.5  1.2 ./cli mmap images/2048x2048   0 99700
17.9  1.2 ./cli mmap images/2048x2048   1 99716
18.1  1.2 ./cli mmap images/2048x2048   1 99672
  PID User     Command                         Swap      USS      PSS      RSS 
 8022 codespace /usr/bin/python3 /usr/bin/s        0    12088    12329    14512 
 6160 codespace ./cli mmap images/2048x2048        0    49252    59135    99672 
 6166 codespace ./cli mmap images/2048x2048        0    49252    59138    99700 
 6168 codespace ./cli mmap images/2048x2048        0    49252    59140    99716 
 6163 codespace ./cli mmap images/2048x2048        0    49256    59143    99700 
 6158 codespace ./cli mmap images/2048x2048        0    49256    59144    99720 
%CPU %MEM ARGS Sun Oct  4 18:26:08 UTC 2026
 0.0  0.0 grep --color=auto ./cli       1  2204
17.0  1.2 ./cli mmap images/2048x2048   1 99720
17.3  1.2 ./cli mmap images/2048x2048   1 99700
17.5  1.2 ./cli mmap images/2048x2048   1 99700
17.9  1.2 ./cli mmap images/2048x2048   1 99716
18.1  1.2 ./cli mmap images/2048x2048   1 99672
  PID User     Command                         Swap      USS      PSS      RSS 
 8028 codespace /usr/bin/python3 /usr/bin/s        0    12096    12342    14588 
 6160 codespace ./cli mmap images/2048x2048        0    49252    59135    99672 
 6166 codespace ./cli mmap images/2048x2048        0    49252    59138    99700 
 6168 codespace ./cli mmap images/2048x2048        0    49252    59140    99716 
 6158 codespace ./cli mmap images/2048x2048        0    49256    59144    99720 
 6163 codespace ./cli mmap images/2048x2048        0    49256    59144    99700 
%CPU %MEM ARGS Sun Oct  4 18:26:08 UTC 2026
 0.0  0.0 grep --color=auto ./cli       1  2200
17.0  1.2 ./cli mmap images/2048x2048   0 99720
17.3  1.2 ./cli mmap images/2048x2048   0 99700
17.5  1.2 ./cli mmap images/2048x2048   0 99700
17.9  1.2 ./cli mmap images/2048x2048   0 99716
18.1  1.2 ./cli mmap images/2048x2048   1 99672
  PID User     Command                         Swap      USS      PSS      RSS 
 8033 codespace /usr/bin/python3 /usr/bin/s        0    12060    12312    14524 
 6160 codespace ./cli mmap images/2048x2048        0    49252    59135    99672 
 6166 codespace ./cli mmap images/2048x2048        0    49252    59138    99700 
 6168 codespace ./cli mmap images/2048x2048        0    49252    59140    99716 
 6158 codespace ./cli mmap images/2048x2048        0    49256    59144    99720 
 6163 codespace ./cli mmap images/2048x2048        0    49256    59144    99700 
%CPU %MEM ARGS Sun Oct  4 18:26:09 UTC 2026
 0.0  0.0 grep --color=auto ./cli       1  2156
17.0  1.2 ./cli mmap images/2048x2048   1 99720
17.3  1.2 ./cli mmap images/2048x2048   1 99700
17.5  1.2 ./cli mmap images/2048x2048   0 99700
17.8  1.2 ./cli mmap images/2048x2048   1 99716
18.1  1.2 ./cli mmap images/2048x2048   1 99672
  PID User     Command                         Swap      USS      PSS      RSS 
 8045 codespace /usr/bin/python3 /usr/bin/s        0    12088    12328    14476 
 6160 codespace ./cli mmap images/2048x2048        0    49252    59135    99672 
 6166 codespace ./cli mmap images/2048x2048        0    49252    59138    99700 
 6168 codespace ./cli mmap images/2048x2048        0    49252    59139    99716 
 6158 codespace ./cli mmap images/2048x2048        0    49256    59143    99720 
 6163 codespace ./cli mmap images/2048x2048        0    49256    59143    99700 
%CPU %MEM ARGS Sun Oct  4 18:26:10 UTC 2026
 0.0  0.0 grep --color=auto ./cli       0  2172
17.0  1.2 ./cli mmap images/2048x2048   0 99720
17.2  1.2 ./cli mmap images/2048x2048   1 99700
17.5  1.2 ./cli mmap images/2048x2048   1 99700
17.8  1.2 ./cli mmap images/2048x2048   0 99716
18.1  1.2 ./cli mmap images/2048x2048   0 99672
  PID User     Command                         Swap      USS      PSS      RSS 
 8063 codespace /usr/bin/python3 /usr/bin/s        0    12036    12271    14448 
 6160 codespace ./cli mmap images/2048x2048        0    49252    59135    99672 
 6166 codespace ./cli mmap images/2048x2048        0    49252    59138    99700 
 6168 codespace ./cli mmap images/2048x2048        0    49252    59140    99716 
 6163 codespace ./cli mmap images/2048x2048        0    49256    59143    99700 
 6158 codespace ./cli mmap images/2048x2048        0    49256    59144    99720 
%CPU %MEM ARGS Sun Oct  4 18:26:11 UTC 2026
 0.0  0.0 grep --color=auto ./cli       1  2044
16.9  1.2 ./cli mmap images/2048x2048   1 99720
17.3  1.2 ./cli mmap images/2048x2048   0 99700
17.5  1.2 ./cli mmap images/2048x2048   1 99700
17.8  1.2 ./cli mmap images/2048x2048   1 99716
18.1  1.2 ./cli mmap images/2048x2048   1 99672
  PID User     Command                         Swap      USS      PSS      RSS 
 8074 codespace /usr/bin/python3 /usr/bin/s        0    12060    12318    14524 
 6160 codespace ./cli mmap images/2048x2048        0    49252    59135    99672 
 6166 codespace ./cli mmap images/2048x2048        0    49252    59138    99700 
 6168 codespace ./cli mmap images/2048x2048        0    49252    59140    99716 
 6158 codespace ./cli mmap images/2048x2048        0    49256    59144    99720 
 6163 codespace ./cli mmap images/2048x2048        0    49256    59144    99700 
%CPU %MEM ARGS Sun Oct  4 18:26:11 UTC 2026
 0.0  0.0 grep --color=auto ./cli       1  2292
16.9  1.2 ./cli mmap images/2048x2048   1 99720
17.3  1.2 ./cli mmap images/2048x2048   1 99700
17.5  1.2 ./cli mmap images/2048x2048   1 99700
17.8  1.2 ./cli mmap images/2048x2048   0 99716
18.1  1.2 ./cli mmap images/2048x2048   1 99672
  PID User     Command                         Swap      USS      PSS      RSS 
 8080 codespace /usr/bin/python3 /usr/bin/s        0    12068    12283    14520 
 6160 codespace ./cli mmap images/2048x2048        0    49252    59133    99672 
 6166 codespace ./cli mmap images/2048x2048        0    49252    59136    99700 
 6168 codespace ./cli mmap images/2048x2048        0    49252    59137    99716 
 6163 codespace ./cli mmap images/2048x2048        0    49256    59141    99700 
 6158 codespace ./cli mmap images/2048x2048        0    49256    59144    99720 
%CPU %MEM ARGS Sun Oct  4 18:26:12 UTC 2026
 0.0  0.0 grep --color=auto ./cli       0  2208
16.9  1.2 ./cli mmap images/2048x2048   1 99720
17.3  1.2 ./cli mmap images/2048x2048   1 99700
17.5  1.2 ./cli mmap images/2048x2048   1 99700
17.9  1.2 ./cli mmap images/2048x2048   0 99716
18.1  1.2 ./cli mmap images/2048x2048   1 99672
  PID User     Command                         Swap      USS      PSS      RSS 
 8091 codespace /usr/bin/python3 /usr/bin/s        0    12080    12323    14508 
 6160 codespace ./cli mmap images/2048x2048        0    49252    59135    99672 
 6166 codespace ./cli mmap images/2048x2048        0    49252    59138    99700 
 6168 codespace ./cli mmap images/2048x2048        0    49252    59140    99716 
 6163 codespace ./cli mmap images/2048x2048        0    49256    59143    99700 
 6158 codespace ./cli mmap images/2048x2048        0    49256    59144    99720 
%CPU %MEM ARGS Sun Oct  4 18:26:13 UTC 2026
 0.0  0.0 grep --color=auto ./cli       1  2176
16.9  1.2 ./cli mmap images/2048x2048   1 99720
17.3  1.2 ./cli mmap images/2048x2048   1 99700
17.5  1.2 ./cli mmap images/2048x2048   1 99700
17.9  1.2 ./cli mmap images/2048x2048   1 99716
18.1  1.2 ./cli mmap images/2048x2048   1 99672
  PID User     Command                         Swap      USS      PSS      RSS 
 8097 codespace /usr/bin/python3 /usr/bin/s        0    12056    12311    14484 
 6160 codespace ./cli mmap images/2048x2048        0    49252    59135    99672 
 6158 codespace ./cli mmap images/2048x2048        0    49256    59137    99720 
 6166 codespace ./cli mmap images/2048x2048        0    49252    59138    99700 
 6168 codespace ./cli mmap images/2048x2048        0    49252    59139    99716 
 6163 codespace ./cli mmap images/2048x2048        0    49256    59144    99700 
%CPU %MEM ARGS Sun Oct  4 18:26:14 UTC 2026
 0.0  0.0 grep --color=auto ./cli       0  2252
16.9  1.2 ./cli mmap images/2048x2048   1 99720
17.3  1.2 ./cli mmap images/2048x2048   1 99700
17.5  1.2 ./cli mmap images/2048x2048   1 99700
17.9  1.2 ./cli mmap images/2048x2048   1 99716
18.0  1.2 ./cli mmap images/2048x2048   1 99672
  PID User     Command                         Swap      USS      PSS      RSS 
 8109 codespace /usr/bin/python3 /usr/bin/s        0    12076    12332    14616 
 6160 codespace ./cli mmap images/2048x2048        0    49252    59135    99672 
 6166 codespace ./cli mmap images/2048x2048        0    49252    59138    99700 
 6168 codespace ./cli mmap images/2048x2048        0    49252    59139    99716 
 6158 codespace ./cli mmap images/2048x2048        0    49256    59143    99720 
 6163 codespace ./cli mmap images/2048x2048        0    49256    59144    99700 
%CPU %MEM ARGS Sun Oct  4 18:26:14 UTC 2026
 0.0  0.0 grep --color=auto ./cli       0  2132
16.9  1.2 ./cli mmap images/2048x2048   1 99720
17.3  1.2 ./cli mmap images/2048x2048   0 99700
17.5  1.2 ./cli mmap images/2048x2048   1 99700
17.9  1.2 ./cli mmap images/2048x2048   1 99716
18.0  1.2 ./cli mmap images/2048x2048   1 99672
  PID User     Command                         Swap      USS      PSS      RSS 
 8114 codespace /usr/bin/python3 /usr/bin/s        0    12088    12330    14544 
 6160 codespace ./cli mmap images/2048x2048        0    49252    59135    99672 
 6166 codespace ./cli mmap images/2048x2048        0    49252    59138    99700 
 6168 codespace ./cli mmap images/2048x2048        0    49252    59139    99716 
 6158 codespace ./cli mmap images/2048x2048        0    49256    59143    99720 
 6163 codespace ./cli mmap images/2048x2048        0    49256    59143    99700 
%CPU %MEM ARGS Sun Oct  4 18:26:15 UTC 2026
 0.0  0.0 grep --color=auto ./cli       1  2156
16.9  1.2 ./cli mmap images/2048x2048   1 99720
17.4  1.2 ./cli mmap images/2048x2048   0 99700
17.5  1.2 ./cli mmap images/2048x2048   1 99700
17.8  1.2 ./cli mmap images/2048x2048   1 99716
18.0  1.2 ./cli mmap images/2048x2048   1 99672
  PID User     Command                         Swap      USS      PSS      RSS 
 8120 codespace /usr/bin/python3 /usr/bin/s        0    12064    12325    14588 
 6160 codespace ./cli mmap images/2048x2048        0    49252    59135    99672 
 6166 codespace ./cli mmap images/2048x2048        0    49252    59138    99700 
 6168 codespace ./cli mmap images/2048x2048        0    49252    59140    99716 
 6163 codespace ./cli mmap images/2048x2048        0    49256    59143    99700 
 6158 codespace ./cli mmap images/2048x2048        0    49256    59144    99720 
%CPU %MEM ARGS Sun Oct  4 18:26:16 UTC 2026
 0.0  0.0 grep --color=auto ./cli       1  2304
16.9  1.2 ./cli mmap images/2048x2048   0 99720
17.4  1.2 ./cli mmap images/2048x2048   0 99700
17.5  1.2 ./cli mmap images/2048x2048   1 99700
17.8  1.2 ./cli mmap images/2048x2048   0 99716
18.0  1.2 ./cli mmap images/2048x2048   0 99672
  PID User     Command                         Swap      USS      PSS      RSS 
 8126 codespace /usr/bin/python3 /usr/bin/s        0    12060    12316    14536 
 6160 codespace ./cli mmap images/2048x2048        0    49252    59135    99672 
 6166 codespace ./cli mmap images/2048x2048        0    49252    59138    99700 
 6168 codespace ./cli mmap images/2048x2048        0    49252    59140    99716 
 6163 codespace ./cli mmap images/2048x2048        0    49256    59143    99700 
 6158 codespace ./cli mmap images/2048x2048        0    49256    59144    99720 
%CPU %MEM ARGS Sun Oct  4 18:26:17 UTC 2026
 0.0  0.0 grep --color=auto ./cli       1  2200
16.9  1.2 ./cli mmap images/2048x2048   0 99720
17.4  1.2 ./cli mmap images/2048x2048   1 99700
17.5  1.2 ./cli mmap images/2048x2048   1 99700
17.8  1.2 ./cli mmap images/2048x2048   1 99716
18.0  1.2 ./cli mmap images/2048x2048   1 99672
  PID User     Command                         Swap      USS      PSS      RSS 
 8132 codespace /usr/bin/python3 /usr/bin/s        0    12080    12317    14468 
 6160 codespace ./cli mmap images/2048x2048        0    49252    59135    99672 
 6166 codespace ./cli mmap images/2048x2048        0    49252    59138    99700 
 6168 codespace ./cli mmap images/2048x2048        0    49252    59139    99716 
 6158 codespace ./cli mmap images/2048x2048        0    49256    59143    99720 
 6163 codespace ./cli mmap images/2048x2048        0    49256    59143    99700 
%CPU %MEM ARGS Sun Oct  4 18:26:17 UTC 2026
 0.0  0.0 grep --color=auto ./cli       0  2344
16.9  1.2 ./cli mmap images/2048x2048   1 99720
17.4  1.2 ./cli mmap images/2048x2048   1 99700
17.6  1.2 ./cli mmap images/2048x2048   1 99700
17.8  1.2 ./cli mmap images/2048x2048   1 99716
18.0  1.2 ./cli mmap images/2048x2048   1 99672
  PID User     Command                         Swap      USS      PSS      RSS 
 8137 codespace /usr/bin/python3 /usr/bin/s        0    12064    12283    14544 
 6160 codespace ./cli mmap images/2048x2048        0    49252    59133    99672 
 6166 codespace ./cli mmap images/2048x2048        0    49252    59135    99700 
 6168 codespace ./cli mmap images/2048x2048        0    49252    59137    99716 
 6158 codespace ./cli mmap images/2048x2048        0    49256    59141    99720 
 6163 codespace ./cli mmap images/2048x2048        0    49256    59141    99700 
%CPU %MEM ARGS Sun Oct  4 18:26:18 UTC 2026
 0.0  0.0 grep --color=auto ./cli       0  2208
16.9  1.2 ./cli mmap images/2048x2048   1 99720
17.4  1.2 ./cli mmap images/2048x2048   1 99700
17.6  1.2 ./cli mmap images/2048x2048   1 99700
17.8  1.2 ./cli mmap images/2048x2048   1 99716
18.0  1.2 ./cli mmap images/2048x2048   1 99672
  PID User     Command                         Swap      USS      PSS      RSS 
 8149 codespace /usr/bin/python3 /usr/bin/s        0    12080    12332    14564 
 6160 codespace ./cli mmap images/2048x2048        0    49252    59135    99672 
 6166 codespace ./cli mmap images/2048x2048        0    49252    59138    99700 
 6168 codespace ./cli mmap images/2048x2048        0    49252    59140    99716 
 6163 codespace ./cli mmap images/2048x2048        0    49256    59143    99700 
 6158 codespace ./cli mmap images/2048x2048        0    49256    59144    99720 
%CPU %MEM ARGS Sun Oct  4 18:26:19 UTC 2026
 0.0  0.0 grep --color=auto ./cli       0  2180
16.9  1.2 ./cli mmap images/2048x2048   1 99720
17.4  1.2 ./cli mmap images/2048x2048   1 99700
17.5  1.2 ./cli mmap images/2048x2048   1 99700
17.8  1.2 ./cli mmap images/2048x2048   0 99716
18.0  1.2 ./cli mmap images/2048x2048   0 99672
  PID User     Command                         Swap      USS      PSS      RSS 
 8161 codespace /usr/bin/python3 /usr/bin/s        0    12076    12319    14520 
 6160 codespace ./cli mmap images/2048x2048        0    49252    59135    99672 
 6166 codespace ./cli mmap images/2048x2048        0    49252    59138    99700 
 6168 codespace ./cli mmap images/2048x2048        0    49252    59140    99716 
 6163 codespace ./cli mmap images/2048x2048        0    49256    59143    99700 
 6158 codespace ./cli mmap images/2048x2048        0    49256    59144    99720 
%CPU %MEM ARGS Sun Oct  4 18:26:20 UTC 2026
 0.0  0.0 grep --color=auto ./cli       1  2156
16.9  1.2 ./cli mmap images/2048x2048   0 99720
17.4  1.2 ./cli mmap images/2048x2048   0 99700
17.5  1.2 ./cli mmap images/2048x2048   0 99700
17.8  1.2 ./cli mmap images/2048x2048   0 99716
18.0  1.2 ./cli mmap images/2048x2048   0 99672
  PID User     Command                         Swap      USS      PSS      RSS 
 8166 codespace /usr/bin/python3 /usr/bin/s        0    12112    12348    14588 
 6160 codespace ./cli mmap images/2048x2048        0    49252    59132    99672 
 6166 codespace ./cli mmap images/2048x2048        0    49252    59138    99700 
 6168 codespace ./cli mmap images/2048x2048        0    49252    59140    99716 
 6158 codespace ./cli mmap images/2048x2048        0    49256    59142    99720 
 6163 codespace ./cli mmap images/2048x2048        0    49256    59143    99700 
%CPU %MEM ARGS Sun Oct  4 18:26:21 UTC 2026
 0.0  0.0 grep --color=auto ./cli       0  2248
16.9  1.2 ./cli mmap images/2048x2048   0 99720
17.4  1.2 ./cli mmap images/2048x2048   1 99700
17.5  1.2 ./cli mmap images/2048x2048   0 99700
17.8  1.2 ./cli mmap images/2048x2048   0 99716
  PID User     Command                         Swap      USS      PSS      RSS 
 8190 codespace /usr/bin/python3 /usr/bin/s        0    12096    12332    14508 
 6166 codespace ./cli mmap images/2048x2048        0    49252    61600    99700 
 6168 codespace ./cli mmap images/2048x2048        0    49252    61602    99716 
 6163 codespace ./cli mmap images/2048x2048        0    49256    61605    99700 
 6158 codespace ./cli mmap images/2048x2048        0    49256    61606    99720 
%CPU %MEM ARGS Sun Oct  4 18:26:21 UTC 2026
 0.0  0.0 grep --color=auto ./cli       0  2252
16.9  1.2 ./cli mmap images/2048x2048   0 99720
17.4  1.2 ./cli mmap images/2048x2048   0 99700
17.5  1.2 ./cli mmap images/2048x2048   1 99700
17.8  1.2 ./cli mmap images/2048x2048   0 99716
  PID User     Command                         Swap      USS      PSS      RSS 
 8196 codespace /usr/bin/python3 /usr/bin/s        0    12072    12334    14568 
 6158 codespace ./cli mmap images/2048x2048        0    49256    63483    99720 
 6166 codespace ./cli mmap images/2048x2048        0    49252    65699    99700 
 6163 codespace ./cli mmap images/2048x2048        0    49256    65701    99700 
%CPU %MEM ARGS Sun Oct  4 18:26:22 UTC 2026
 0.0  0.0 grep --color=auto ./cli       0  2176
16.9  1.2 ./cli mmap images/2048x2048   0 99720
17.4  1.2 ./cli mmap images/2048x2048   0 99700
17.6  1.2 ./cli mmap images/2048x2048   1 99700
  PID User     Command                         Swap      USS      PSS      RSS 
 8202 codespace /usr/bin/python3 /usr/bin/s        0    12104    12358    14500 
 6166 codespace ./cli mmap images/2048x2048        0    49252    65699    99700 
 6158 codespace ./cli mmap images/2048x2048        0    49256    65704    99720 
 6163 codespace ./cli mmap images/2048x2048        0    49256    65704    99700 
%CPU %MEM ARGS Sun Oct  4 18:26:23 UTC 2026
 0.0  0.0 grep --color=auto ./cli       1  2344
16.9  1.2 ./cli mmap images/2048x2048   0 99720
17.4  1.2 ./cli mmap images/2048x2048   1 99700
17.7  1.2 ./cli mmap images/2048x2048   0 99700
  PID User     Command                         Swap      USS      PSS      RSS 
 8208 codespace /usr/bin/python3 /usr/bin/s        0    12060    12286    14508 
 6166 codespace ./cli mmap images/2048x2048        0    49252    65697    99700 
 6163 codespace ./cli mmap images/2048x2048        0    49256    65701    99700 
 6158 codespace ./cli mmap images/2048x2048        0    49256    65703    99720 
%CPU %MEM ARGS Sun Oct  4 18:26:23 UTC 2026
 0.0  0.0 grep --color=auto ./cli       0  2320
16.9  1.2 ./cli mmap images/2048x2048   0 99720
17.5  1.2 ./cli mmap images/2048x2048   1 99700
  PID User     Command                         Swap      USS      PSS      RSS 
 8225 codespace /usr/bin/python3 /usr/bin/s        0    12064    12346    14584 
 6166 codespace ./cli mmap images/2048x2048        0    49252    73900    99700 
 6158 codespace ./cli mmap images/2048x2048        0    49256    73906    99720 
%CPU %MEM ARGS Sun Oct  4 18:26:24 UTC 2026
 0.0  0.0 grep --color=auto ./cli       1  2180
17.0  1.2 ./cli mmap images/2048x2048   1 99720
17.6  1.2 ./cli mmap images/2048x2048   0 99700
  PID User     Command                         Swap      USS      PSS      RSS 
 8231 codespace /usr/bin/python3 /usr/bin/s        0    12024    12292    14504 
 6158 codespace ./cli mmap images/2048x2048        0    98428    98495    99720 
%CPU %MEM ARGS Sun Oct  4 18:26:25 UTC 2026
 0.0  0.0 grep --color=auto ./cli       0  2252
17.0  1.2 ./cli mmap images/2048x2048   0 99720
  PID User     Command                         Swap      USS      PSS      RSS 
 8236 codespace /usr/bin/python3 /usr/bin/s        0    12032    12304    14556 
 6158 codespace ./cli mmap images/2048x2048        0    98428    98496    99720 
%CPU %MEM ARGS Sun Oct  4 18:26:25 UTC 2026
 0.0  0.0 grep --color=auto ./cli       1  2304
17.1  1.2 ./cli mmap images/2048x2048   1 99720
  PID User     Command                         Swap      USS      PSS      RSS 
 8242 codespace /usr/bin/python3 /usr/bin/s        0    12028    12300    14528 
 6158 codespace ./cli mmap images/2048x2048        0    98428    98496    99720 
%CPU %MEM ARGS Sun Oct  4 18:26:25 UTC 2026
 0.0  0.0 grep --color=auto ./cli       1  2156
17.2  1.2 ./cli mmap images/2048x2048   1 99720
  PID User     Command                         Swap      USS      PSS      RSS 
 8247 codespace /usr/bin/python3 /usr/bin/s        0    12032    12298    14504 
 6158 codespace ./cli mmap images/2048x2048        0    98428    98495    99720 
%CPU %MEM ARGS Sun Oct  4 18:26:26 UTC 2026
 0.0  0.0 grep --color=auto ./cli       0  2252
17.3  1.2 ./cli mmap images/2048x2048   0 99720
  PID User     Command                         Swap      USS      PSS      RSS 
 8253 codespace /usr/bin/python3 /usr/bin/s        0    12036    12314    14560 
 6158 codespace ./cli mmap images/2048x2048        0    98428    98496    99720 
%CPU %MEM ARGS Sun Oct  4 18:26:26 UTC 2026
 0.0  0.0 grep --color=auto ./cli       1  2180
17.4  1.2 ./cli mmap images/2048x2048   0 99720
  PID User     Command                         Swap      USS      PSS      RSS 
 8258 codespace /usr/bin/python3 /usr/bin/s        0    12052    12342    14568 
 6158 codespace ./cli mmap images/2048x2048        0    98428    98496    99720 
%CPU %MEM ARGS Sun Oct  4 18:26:26 UTC 2026
 0.0  0.0 grep --color=auto ./cli       1  2252
17.4  1.2 ./cli mmap images/2048x2048   0 99720
  PID User     Command                         Swap      USS      PSS      RSS 
 8263 codespace /usr/bin/python3 /usr/bin/s        0    12032    12298    14436 
 6158 codespace ./cli mmap images/2048x2048        0    98428    98495    99720 
